time,signal,channel
0.0,2.0024207587932716,SC
0.1,2.0315732567660127,SC
0.2,2.0108447110905914,SC
0.3,2.0066673158842936,SC
0.4,2.000190892234705,SC
0.5,2.0042242489444817,SC
0.6,2.032373993529192,SC
0.7,2.007402848757261,SC
0.8,2.0004751853198766,SC
0.9,1.9981311468296545,SC
1.0,1.9993918881718655,SC
1.1,1.983470885471058,SC
1.2,1.9975505977393333,SC
1.3,2.0435714636460562,SC
1.4,2.0105156542141764,SC
1.5,2.029780052516691,SC
1.6,1.9671604383084462,SC
1.7,2.029145085552606,SC
1.8,2.0155946085763206,SC
1.9,2.0102351494909176,SC
2.0,2.024524891801953,SC
2.1,2.0120303571419687,SC
2.2,1.9805099317008061,SC
2.3,2.042472326590368,SC
2.4,2.0299269979398247,SC
2.5,2.019826389349053,SC
2.6,2.007819407045412,SC
2.7,1.9987830960653739,SC
2.8,2.0336944598538436,SC
2.9,2.062520983253951,SC
3.0,2.035350222542867,SC
3.1,2.004665532098816,SC
3.2,2.0378560838839883,SC
3.3,2.033318960810947,SC
3.4,2.0526978205854016,SC
3.5,2.048581768646664,SC
3.6,1.9777598122349462,SC
3.7,2.0494092373937507,SC
3.8,2.0194618798857435,SC
3.9,2.0121228842423284,SC
4.0,2.0378128699560807,SC
4.1,2.0508254994355957,SC
4.2,2.010813956073572,SC
4.3,2.058741551543341,SC
4.4,2.060936950972763,SC
4.5,2.0476285966971712,SC
4.6,2.030354218911175,SC
4.7,2.0291354422734185,SC
4.8,2.0702566200645753,SC
4.9,2.020527135187043,SC
5.0,2.073053218236888,SC
5.1,2.0494706268104657,SC
5.2,2.239304945651404,SC
5.3,2.3614118930634618,SC
5.4,2.5178807213804846,SC
5.5,2.633516693566512,SC
5.6,2.67384136479572,SC
5.7,2.7719546068121983,SC
5.8,2.810011493902983,SC
5.9,2.8288080313056376,SC
6.0,2.881464696709523,SC
6.1,2.833997212019764,SC
6.2,2.891129053249217,SC
6.3,2.9165040451133546,SC
6.4,2.9077008478350828,SC
6.5,2.8772918123656352,SC
6.6,2.850665390917173,SC
6.7,2.828479726583442,SC
6.8,2.81750889857696,SC
6.9,2.8151832830187846,SC
7.0,2.767687360690744,SC
7.1,2.7776431514793347,SC
7.2,2.7832534765371557,SC
7.3,2.7171289353868513,SC
7.4,2.669141998560954,SC
7.5,2.6468560179909324,SC
7.6,2.667201384402055,SC
7.7,2.6287069367349676,SC
7.8,2.626075247340851,SC
7.9,2.576981204291374,SC
8.0,2.583917600718373,SC
8.1,2.5443702748906114,SC
8.2,2.513729616112897,SC
8.3,2.5018382175125913,SC
8.4,2.4680452504972186,SC
8.5,2.5326305887242104,SC
8.6,2.4891453808456467,SC
8.7,2.500043514771357,SC
8.8,2.470754786398003,SC
8.9,2.4533990927240144,SC
9.0,2.4616079052418884,SC
9.1,2.479310675731711,SC
9.2,2.4372394394223913,SC
9.3,2.420155947622071,SC
9.4,2.4302844450029815,SC
9.5,2.4265865479346758,SC
9.6,2.438821638203055,SC
9.7,2.4024131689665107,SC
9.8,2.3976782416313362,SC
9.9,2.3887895186675063,SC
10.0,2.34114212893489,SC
10.1,2.3349648265927776,SC
10.2,2.32284284289012,SC
10.3,2.3084501694923008,SC
10.4,2.3418745097656033,SC
10.5,2.3229504166556847,SC
10.6,2.3102431308377667,SC
10.7,2.248626713965311,SC
10.8,2.333743914459418,SC
10.9,2.267226834718683,SC
11.0,2.3189480914434317,SC
11.1,2.2420437287169683,SC
11.2,2.24820862135753,SC
11.3,2.214132282459994,SC
11.4,2.2594613058337956,SC
11.5,2.2245118744203176,SC
11.6,2.2196751857297383,SC
11.7,2.2085540441678226,SC
11.8,2.2466823165438656,SC
11.9,2.2407477998932532,SC
12.0,2.2583855903986296,SC
12.1,2.204290926539863,SC
12.2,2.2184661309526383,SC
12.3,2.184603174629739,SC
12.4,2.2001957659356104,SC
12.5,2.1932241209421033,SC
12.6,2.2097838201261406,SC
12.7,2.217910099995933,SC
12.8,2.2146388741831187,SC
12.9,2.175374446182307,SC
13.0,2.2097709787877045,SC
13.1,2.186641392379315,SC
13.2,2.1788962094731614,SC
13.3,2.169219843828961,SC
13.4,2.1703237145607126,SC
13.5,2.214625308481024,SC
13.6,2.3366976333981744,SC
13.7,2.4572050413376414,SC
13.8,2.548071381526657,SC
13.9,2.681769728160417,SC
14.0,2.7214228137668592,SC
14.1,2.7289037967935537,SC
14.2,2.773615926599133,SC
14.3,2.80024620343669,SC
14.4,2.824220399559852,SC
14.5,2.8167956028178818,SC
14.6,2.843073864511104,SC
14.7,2.8618179903199477,SC
14.8,2.800874503133176,SC
14.9,2.795608358303976,SC
15.0,2.8313172769407506,SC
15.1,2.83166644167848,SC
15.2,2.8884652426259234,SC
15.3,2.870747930316869,SC
15.4,2.8669625084040264,SC
15.5,2.8361683474249157,SC
15.6,2.825871808336931,SC
15.7,2.7901049511483818,SC
15.8,2.820254516445034,SC
15.9,2.798320665484665,SC
16.0,2.796887890952986,SC
16.1,2.748737080808072,SC
16.2,2.7312980570644276,SC
16.3,2.718340960924183,SC
16.4,2.713404734952456,SC
16.5,2.646770534480183,SC
16.6,2.6716182214273076,SC
16.7,2.6374324107361145,SC
16.8,2.5979259957539975,SC
16.9,2.559044940153927,SC
17.0,2.5800835784830447,SC
17.1,2.594324124204745,SC
17.2,2.5819335973292126,SC
17.3,2.5391540604007212,SC
17.4,2.55544562653621,SC
17.5,2.500067385683516,SC
17.6,2.5052787397066774,SC
17.7,2.4630399148891637,SC
17.8,2.4481858197657784,SC
17.9,2.4318953010667115,SC
18.0,2.3917476300849536,SC
18.1,2.446746510218972,SC
18.2,2.396739380832668,SC
18.3,2.382617540687869,SC
18.4,2.363169833748211,SC
18.5,2.372795404038284,SC
18.6,2.402723033265201,SC
18.7,2.400340669487912,SC
18.8,2.3166849153901676,SC
18.9,2.334659675384508,SC
19.0,2.3133011742372993,SC
19.1,2.34637238537391,SC
19.2,2.325316974271894,SC
19.3,2.3001802500213473,SC
19.4,2.30802194512484,SC
19.5,2.2909989213073136,SC
19.6,2.327113058618483,SC
19.7,2.30033870892644,SC
19.8,2.2976448615463707,SC
19.9,2.2260238180872536,SC
20.0,2.273392931828883,SC
20.1,2.312000543387207,SC
20.2,2.2926963738823787,SC
20.3,2.2252885313833546,SC
20.4,2.2522270487313136,SC
20.5,2.2495688648767325,SC
20.6,2.3197238376992555,SC
20.7,2.2995753610504965,SC
20.8,2.286226128339663,SC
20.9,2.3072219267629137,SC
21.0,2.257722247119701,SC
21.1,2.2901409826868195,SC
21.2,2.313407570760325,SC
21.3,2.3294938323822194,SC
21.4,2.272885909482414,SC
21.5,2.3025939423136723,SC
21.6,2.3284103591326017,SC
21.7,2.276785554006333,SC
21.8,2.3076826690952488,SC
21.9,2.3014639058667714,SC
22.0,2.3313014660133167,SC
22.1,2.289157701571135,SC
22.2,2.2869966357518217,SC
22.3,2.3041549187564256,SC
22.4,2.2571455854153015,SC
22.5,2.275887005335506,SC
22.6,2.2678584626269878,SC
22.7,2.3985021455622686,SC
22.8,2.5194157428267134,SC
22.9,2.5949614769158584,SC
23.0,2.6335333377279246,SC
23.1,2.701596812995335,SC
23.2,2.766932662543445,SC
23.3,2.748537181867107,SC
23.4,2.787500200033759,SC
23.5,2.7807707367950574,SC
23.6,2.790142499667213,SC
23.7,2.7605146826050073,SC
23.8,2.8188996292195583,SC
23.9,2.901981914956365,SC
24.0,3.0378660566584648,SC
24.1,3.0819564220276052,SC
24.2,3.139583355081194,SC
24.3,3.217752472785949,SC
24.4,3.2410449428880095,SC
24.5,3.241526228221463,SC
24.6,3.259181558182039,SC
24.7,3.2368515412145733,SC
24.8,3.2345802846786444,SC
24.9,3.205546010506312,SC
25.0,3.2194624042764985,SC
25.1,3.1666640068624035,SC
25.2,3.186676678974458,SC
25.3,3.1250172971572834,SC
25.4,3.1045559101019924,SC
25.5,3.0910322419097565,SC
25.6,3.047324327159701,SC
25.7,3.011471363863988,SC
25.8,2.987267634976556,SC
25.9,2.9762568528619178,SC
26.0,2.915888652946402,SC
26.1,2.8977849426030513,SC
26.2,2.8721958970720025,SC
26.3,2.86157252399984,SC
26.4,2.815258001947252,SC
26.5,2.8271343447310007,SC
26.6,2.7623316944987537,SC
26.7,2.7360124863742916,SC
26.8,2.7134773716538483,SC
26.9,2.667535104167597,SC
27.0,2.7012508908168043,SC
27.1,2.7311766162876694,SC
27.2,2.7773277173149244,SC
27.3,2.760928103517013,SC
27.4,2.7540149182766474,SC
27.5,2.786332439218958,SC
27.6,2.787613993840605,SC
27.7,2.7737950575843913,SC
27.8,2.7215541362660267,SC
27.9,2.716916634744028,SC
28.0,2.7499577112490265,SC
28.1,2.7043437376803627,SC
28.2,2.679254117305818,SC
28.3,2.6835355642098917,SC
28.4,2.673544526093319,SC
28.5,2.6260277329468074,SC
28.6,2.6258651616015003,SC
28.7,2.624098726819726,SC
28.8,2.56661473116688,SC
28.9,2.5745554603775243,SC
29.0,2.5368028800325217,SC
29.1,2.524541867289304,SC
29.2,2.5184511718573894,SC
29.3,2.5251595283516894,SC
29.4,2.4955048311014445,SC
29.5,2.475742880534513,SC
29.6,2.4769544692984624,SC
29.7,2.440646397351821,SC
29.8,2.4602744390804463,SC
29.9,2.4628865772956794,SC
30.0,2.4276778005844113,SC
30.1,2.414647338788861,SC
30.2,2.4160341828449687,SC
30.3,2.3582776208058602,SC
30.4,2.398781759866099,SC
30.5,2.441236709051147,SC
30.6,2.3682770219718785,SC
30.7,2.3602450986272485,SC
30.8,2.369749599280887,SC
30.9,2.380373987691412,SC
31.0,2.35988379030929,SC
31.1,2.2905039118411663,SC
31.2,2.3384176036162003,SC
31.3,2.3724114198819106,SC
31.4,2.3275223425092317,SC
31.5,2.2863478894475495,SC
31.6,2.3096971268847684,SC
31.7,2.2733104275382905,SC
31.8,2.318676093217417,SC
31.9,2.270219956293999,SC
32.0,2.286351705612409,SC
32.1,2.263442352157677,SC
32.2,2.2655926261039214,SC
32.3,2.3023517327941554,SC
32.4,2.270979830949679,SC
32.5,2.254175128375356,SC
32.6,2.2288711182190775,SC
32.7,2.211596524873316,SC
32.8,2.2213791991860874,SC
32.9,2.246131818772059,SC
33.0,2.261093129150682,SC
33.1,2.227979915429406,SC
33.2,2.2683938877528256,SC
33.3,2.2205217895589575,SC
33.4,2.2280884081098797,SC
33.5,2.209317575235259,SC
33.6,2.2488641959464157,SC
33.7,2.269214365707215,SC
33.8,2.179719599071265,SC
33.9,2.2069038118236723,SC
34.0,2.238032875647579,SC
34.1,2.1827455876731245,SC
34.2,2.222000370254659,SC
34.3,2.234111379019518,SC
34.4,2.2102929670539724,SC
34.5,2.2188095707042907,SC
34.6,2.2421260705148467,SC
34.7,2.245006473355526,SC
34.8,2.203953209790513,SC
34.9,2.1937228594812375,SC
35.0,2.185170554460511,SC
35.1,2.2223297505975412,SC
35.2,2.174594593688662,SC
35.3,2.1962364032520494,SC
35.4,2.202616473237659,SC
35.5,2.1897933632696427,SC
35.6,2.204755475696515,SC
35.7,2.249768943659468,SC
35.8,2.195379338544314,SC
35.9,2.1884479782166113,SC
36.0,2.216818819162521,SC
36.1,2.2006704640218757,SC
36.2,2.2240418756251152,SC
36.3,2.1979343234383926,SC
36.4,2.1890658760587622,SC
36.5,2.157761320215142,SC
36.6,2.160449692776087,SC
36.7,2.1555454853240916,SC
36.8,2.19926726072679,SC
36.9,2.1598438165686247,SC
37.0,2.2118276326178283,SC
37.1,2.186943176814229,SC
37.2,2.181071558795617,SC
37.3,2.168690149275697,SC
37.4,2.197619291927403,SC
37.5,2.168685950111409,SC
37.6,2.1646650702363024,SC
37.7,2.2077312978764545,SC
37.8,2.190643348352297,SC
37.9,2.1784339301029467,SC
38.0,2.1955377512231946,SC
38.1,2.182459292789303,SC
38.2,2.1895074848184475,SC
38.3,2.1650718448107837,SC
38.4,2.2223733826714165,SC
38.5,2.168924657516448,SC
38.6,2.211184080819438,SC
38.7,2.175828138166034,SC
38.8,2.195284294360982,SC
38.9,2.1933587476460903,SC
39.0,2.201138339940674,SC
39.1,2.160910972387707,SC
39.2,2.1987534238718203,SC
39.3,2.2136819230359674,SC
39.4,2.1710868308281612,SC
39.5,2.2577454266068213,SC
39.6,2.3125824981263134,SC
39.7,2.3694940046208472,SC
39.8,2.4532581266532967,SC
39.9,2.432394862893984,SC
40.0,2.45931480341252,SC
40.1,2.5294729086836836,SC
40.2,2.5232895470502674,SC
40.3,2.562077634254809,SC
40.4,2.5156186579420674,SC
40.5,2.5288458993568628,SC
40.6,2.5120924612520135,SC
40.7,2.524927667140678,SC
40.8,2.481513093918062,SC
40.9,2.5241533356468757,SC
41.0,2.509205355753158,SC
41.1,2.49294100171725,SC
41.2,2.476929548080056,SC
41.3,2.4569560100194785,SC
41.4,2.4791417861547296,SC
41.5,2.430652665101661,SC
41.6,2.4536572212661207,SC
41.7,2.474200530753629,SC
41.8,2.4517355785466695,SC
41.9,2.3813186065952423,SC
42.0,2.3902144693714957,SC
42.1,2.3990784400146175,SC
42.2,2.379148018430687,SC
42.3,2.559004606040203,SC
42.4,2.7620417240470774,SC
42.5,2.8881475760649677,SC
42.6,3.032287934297005,SC
42.7,3.070514694427524,SC
42.8,3.1601298241130356,SC
42.9,3.155404844741694,SC
43.0,3.189678436706136,SC
43.1,3.242023198137191,SC
43.2,3.256487039939318,SC
43.3,3.2144828331785797,SC
43.4,3.226002998417291,SC
43.5,3.184115768524158,SC
43.6,3.189761923807509,SC
43.7,3.1880954264921675,SC
43.8,3.137741416241271,SC
43.9,3.114319438730006,SC
44.0,3.0679008008136144,SC
44.1,3.0475366007387463,SC
44.2,3.0648816426238996,SC
44.3,2.999935569825579,SC
44.4,2.947008427019818,SC
44.5,2.929386795124656,SC
44.6,2.8726010147289593,SC
44.7,2.853528103740997,SC
44.8,2.8707992163824425,SC
44.9,2.811142968447728,SC
45.0,2.822904640243141,SC
45.1,2.7550376208928,SC
45.2,2.7288811195655582,SC
45.3,2.715907698364404,SC
45.4,2.623980679664631,SC
45.5,2.6567386608245465,SC
45.6,2.6277361236013577,SC
45.7,2.635378545011161,SC
45.8,2.6027514159843954,SC
45.9,2.5394301889705555,SC
46.0,2.566423703104845,SC
46.1,2.516624132789961,SC
46.2,2.4848631910902745,SC
46.3,2.488746634808632,SC
46.4,2.463348932724307,SC
46.5,2.4814969361182078,SC
46.6,2.4415625352550547,SC
46.7,2.423560209930039,SC
46.8,2.4228066304762192,SC
46.9,2.4126228517307005,SC
47.0,2.3930099239663467,SC
47.1,2.392876126891542,SC
47.2,2.3643625885533512,SC
47.3,2.343774042784243,SC
47.4,2.353944046312061,SC
47.5,2.3165679489196993,SC
47.6,2.3087405608041944,SC
47.7,2.332640918935301,SC
47.8,2.321205799687068,SC
47.9,2.279566821543888,SC
48.0,2.262009011778358,SC
48.1,2.29206220484105,SC
48.2,2.2708777722183013,SC
48.3,2.253587353172845,SC
48.4,2.2335645917386744,SC
48.5,2.2396672848091055,SC
48.6,2.2259211111009796,SC
48.7,2.2066673115510644,SC
48.8,2.216397431133443,SC
48.9,2.213238715589381,SC
49.0,2.194775109784445,SC
49.1,2.2149399528565383,SC
49.2,2.217437211171948,SC
49.3,2.206061882227441,SC
49.4,2.1698459681006073,SC
49.5,2.186190345458943,SC
49.6,2.168498367397022,SC
49.7,2.1382437912677954,SC
49.8,2.17257968894948,SC
49.9,2.158353769056544,SC
50.0,2.2037409387400517,SC
50.1,2.177580532686844,SC
50.2,2.159343345315694,SC
50.3,2.1469031601133324,SC
50.4,2.1421021574588948,SC
50.5,2.1157650834317545,SC
50.6,2.0981683825336472,SC
50.7,2.112699441685226,SC
50.8,2.1264874002205305,SC
50.9,2.082706293448706,SC
51.0,2.1113860177692025,SC
51.1,2.114851620912393,SC
51.2,2.1130990422116263,SC
51.3,2.10184545125389,SC
51.4,2.1059872249717166,SC
51.5,2.145094920920577,SC
51.6,2.1217183542300364,SC
51.7,2.0951837460872023,SC
51.8,2.102990219622927,SC
51.9,2.214259650086765,SC
52.0,2.289529445207131,SC
52.1,2.36215041798513,SC
52.2,2.4382699580274654,SC
52.3,2.4556895198574002,SC
52.4,2.477469571380869,SC
52.5,2.5246809952052356,SC
52.6,2.5464055059516126,SC
52.7,2.5166340537710017,SC
52.8,2.561905385570463,SC
52.9,2.582200756875047,SC
53.0,2.572246125779711,SC
53.1,2.6031172850424373,SC
53.2,2.5763270524564037,SC
53.3,2.571032203261072,SC
53.4,2.5871793661007922,SC
53.5,2.5575760390953044,SC
53.6,2.551675964192268,SC
53.7,2.5695296959088654,SC
53.8,2.536896785681423,SC
53.9,2.5452880938189915,SC
54.0,2.5228058867279053,SC
54.1,2.534386219442408,SC
54.2,2.5024920917592035,SC
54.3,2.489671136555698,SC
54.4,2.498620976741953,SC
54.5,2.4738439387076747,SC
54.6,2.4238037113404434,SC
54.7,2.4186800482470847,SC
54.8,2.4101077076352686,SC
54.9,2.4005998858736444,SC
55.0,2.411797522028917,SC
55.1,2.393262365112256,SC
55.2,2.3957547814938374,SC
55.3,2.375315312674175,SC
55.4,2.3677943387626668,SC
55.5,2.3449412617239433,SC
55.6,2.3237292775876672,SC
55.7,2.328648943074019,SC
55.8,2.312553189855148,SC
55.9,2.289574901701514,SC
56.0,2.295751806801927,SC
56.1,2.2120822934599094,SC
56.2,2.242245085035177,SC
56.3,2.2313794932481557,SC
56.4,2.2503688316904964,SC
56.5,2.2489346628138116,SC
56.6,2.1790581288750284,SC
56.7,2.2271941297461115,SC
56.8,2.166795142727415,SC
56.9,2.1589867708620822,SC
57.0,2.1690353990633295,SC
57.1,2.1595790575184117,SC
57.2,2.127297878186399,SC
57.3,2.1642766974244965,SC
57.4,2.1579589545719253,SC
57.5,2.1588114597206194,SC
57.6,2.1226784685948465,SC
57.7,2.1244195780546753,SC
57.8,2.1187027833824263,SC
57.9,2.147397761893141,SC
58.0,2.0514961964730487,SC
58.1,2.0837927364089475,SC
58.2,2.0979911510538725,SC
58.3,2.0713070203819113,SC
58.4,2.0831710049831593,SC
58.5,2.0813076161938286,SC
58.6,2.0663319922293772,SC
58.7,2.076589007639351,SC
58.8,2.08382661561248,SC
58.9,2.062645445583671,SC
59.0,2.134339817613284,SC
59.1,2.2017383861539153,SC
59.2,2.2542876687276125,SC
59.3,2.258569711851794,SC
59.4,2.3326759716555876,SC
59.5,2.4126057491169703,SC
59.6,2.5249292701403645,SC
59.7,2.5724976340300714,SC
59.8,2.630556835947745,SC
59.9,2.62114991352291,SC
60.0,2.6578145502389003,SC
60.1,2.6555754766532096,SC
60.2,2.6742321303196928,SC
60.3,2.7152355320223154,SC
60.4,2.7167898908429433,SC
60.5,2.6568058726772943,SC
60.6,2.659976042578038,SC
60.7,2.6542861288731943,SC
60.8,2.6520401982300075,SC
60.9,2.5879704871631,SC
61.0,2.572665131442683,SC
61.1,2.595133485946617,SC
61.2,2.526317886170466,SC
61.3,2.535901126487594,SC
61.4,2.5273977421431764,SC
61.5,2.511734569859589,SC
61.6,2.479936066099909,SC
61.7,2.455001001746868,SC
61.8,2.450059780091706,SC
61.9,2.419506268402675,SC
62.0,2.381894618104258,SC
62.1,2.3770677397969497,SC
62.2,2.3659359982977333,SC
62.3,2.375103841177866,SC
62.4,2.3394574605013756,SC
62.5,2.331551090614164,SC
62.6,2.2791199875566885,SC
62.7,2.265465420886878,SC
62.8,2.256400931956057,SC
62.9,2.2439336715013645,SC
63.0,2.212870452887595,SC
63.1,2.245094743162426,SC
63.2,2.2246959521789957,SC
63.3,2.188663122475861,SC
63.4,2.1939718407954745,SC
63.5,2.174382265915949,SC
63.6,2.1735547757640057,SC
63.7,2.1219382528204593,SC
63.8,2.135994407688064,SC
63.9,2.128231924789523,SC
64.0,2.132737286571007,SC
64.1,2.098939134318491,SC
64.2,2.0531096440970344,SC
64.3,2.0734170892685655,SC
64.4,2.086101252773643,SC
64.5,2.0811855437680187,SC
64.6,2.1064695895317165,SC
64.7,2.4149187670206893,SC
64.8,2.67428785436849,SC
64.9,2.889284394510681,SC
65.0,3.0848970472280026,SC
65.1,3.1861564825485647,SC
65.2,3.2982976478487953,SC
65.3,3.3553991077793293,SC
65.4,3.458826420639266,SC
65.5,3.472395427026137,SC
65.6,3.4684595237272453,SC
65.7,3.4850414504849567,SC
65.8,3.4912038379099033,SC
65.9,3.460607744173357,SC
66.0,3.432159480251514,SC
66.1,3.4010426099173774,SC
66.2,3.387462472136853,SC
66.3,3.3363928749837526,SC
66.4,3.2945463125688716,SC
66.5,3.2349093760546905,SC
66.6,3.2197617928289652,SC
66.7,3.17025892450311,SC
66.8,3.1226611777796305,SC
66.9,3.0881827458163142,SC
67.0,3.0544855347122106,SC
67.1,3.0093280814214656,SC
67.2,2.9627774544766634,SC
67.3,2.9041525130204286,SC
67.4,2.8558142823716244,SC
67.5,2.8055093014929646,SC
67.6,2.7748783616032053,SC
67.7,2.7486638653518702,SC
67.8,2.6952877317398345,SC
67.9,2.6769136563197624,SC
68.0,2.6209100706172825,SC
68.1,2.5734748117030932,SC
68.2,2.5907998097871783,SC
68.3,2.7796619385994226,SC
68.4,2.943648190284375,SC
68.5,3.072763052316115,SC
68.6,3.2059746353589573,SC
68.7,3.301338758063509,SC
68.8,3.3197137571427295,SC
68.9,3.35220536741242,SC
69.0,3.3976215395490037,SC
69.1,3.3465160217080445,SC
69.2,3.417718183183821,SC
69.3,3.4139695518984228,SC
69.4,3.2843281903208967,SC
69.5,3.3103171345536127,SC
69.6,3.266995417369491,SC
69.7,3.241501345259885,SC
69.8,3.2010321013928054,SC
69.9,3.18615048830306,SC
70.0,3.126708977800954,SC
70.1,3.068835283802576,SC
70.2,3.041184448664436,SC
70.3,3.0123412394914917,SC
70.4,2.9359299405177484,SC
70.5,2.8846253525310837,SC
70.6,2.9159372872477527,SC
70.7,2.822514098126809,SC
70.8,2.792771537687816,SC
70.9,2.748694281225911,SC
71.0,2.729795195961847,SC
71.1,2.7175800470088216,SC
71.2,2.658160208757204,SC
71.3,2.5818026648515713,SC
71.4,2.551279855480484,SC
71.5,2.538962170848858,SC
71.6,2.510737412893601,SC
71.7,2.451993098681404,SC
71.8,2.4743009369965803,SC
71.9,2.408799773154241,SC
72.0,2.4341090011414903,SC
72.1,2.4154490750515736,SC
72.2,2.349911376124627,SC
72.3,2.340510905860284,SC
72.4,2.2849298856212945,SC
72.5,2.300828859935238,SC
72.6,2.2580935645867948,SC
72.7,2.2268967784954814,SC
72.8,2.2242874552578167,SC
72.9,2.203007442860764,SC
73.0,2.1888505432238237,SC
73.1,2.198129882279744,SC
73.2,2.147932790851487,SC
73.3,2.1835318569979076,SC
73.4,2.108183009095553,SC
73.5,2.153477421098055,SC
73.6,2.087927415798266,SC
73.7,2.095903711501499,SC
73.8,2.074338227843484,SC
73.9,2.06601282123888,SC
74.0,2.078163046464967,SC
74.1,2.164609330577296,SC
74.2,2.2163073657889134,SC
74.3,2.229870432391078,SC
74.4,2.9118369824894588,SC
74.5,3.438228682569933,SC
74.6,3.8466353278017356,SC
74.7,4.193974977831358,SC
74.8,4.4816927125993535,SC
74.9,4.703794635219876,SC
75.0,4.813816254229869,SC
75.1,4.957934129347848,SC
75.2,5.0569972500010145,SC
75.3,5.084332456020696,SC
75.4,5.058295005603911,SC
75.5,5.027751653712433,SC
75.6,5.032182465892748,SC
75.7,4.9289749951408846,SC
75.8,4.937834640008215,SC
75.9,4.842131771698705,SC
76.0,4.8063836761352565,SC
76.1,4.652949567706198,SC
76.2,4.619476656739897,SC
76.3,4.5098993258784725,SC
76.4,4.414326810774506,SC
76.5,4.3017269276797725,SC
76.6,4.304507599261459,SC
76.7,4.260000766995484,SC
76.8,4.228459204477297,SC
76.9,4.153268950928276,SC
77.0,4.057077364780505,SC
77.1,3.98142434885355,SC
77.2,3.9043905396753966,SC
77.3,3.890046622822726,SC
77.4,3.773114150567418,SC
77.5,3.7519896130403705,SC
77.6,3.665901085740727,SC
77.7,3.5948726444731474,SC
77.8,3.5153294688215757,SC
77.9,3.468564656030687,SC
78.0,3.3899228643518295,SC
78.1,3.318970552119743,SC
78.2,3.258200651587285,SC
78.3,3.181501947208194,SC
78.4,3.1101684473909006,SC
78.5,3.0816234983520863,SC
78.6,3.0136360952048475,SC
78.7,2.9718168624373984,SC
78.8,2.901936948316948,SC
78.9,2.837663191084691,SC
79.0,2.8492253088060617,SC
79.1,2.79996142770426,SC
79.2,2.743009447730625,SC
79.3,2.6756465433524697,SC
79.4,2.637189812949981,SC
79.5,2.6323163531094944,SC
79.6,2.560699736357344,SC
79.7,2.6180354580773146,SC
79.8,2.7147081260514283,SC
79.9,2.7091131909610335,SC
80.0,2.7666653271815353,SC
80.1,2.714875365611771,SC
80.2,2.7566906128360493,SC
80.3,2.7845586798735407,SC
80.4,2.7350573476067703,SC
80.5,2.7160386596198722,SC
80.6,2.6812180145261055,SC
80.7,2.70661026636031,SC
80.8,2.647714561134968,SC
80.9,2.63766987389948,SC
81.0,2.5900697834760966,SC
81.1,2.7271295286456194,SC
81.2,2.9912677756069193,SC
81.3,3.1844505984902725,SC
81.4,3.331928613292955,SC
81.5,3.515811567236925,SC
81.6,3.5741518028132084,SC
81.7,3.627322609702806,SC
81.8,3.658261679857219,SC
81.9,3.7046833748150414,SC
82.0,3.6959757374046758,SC
82.1,3.706312125486182,SC
82.2,3.7160445434848537,SC
82.3,3.6668206632772424,SC
82.4,3.6471880964646397,SC
82.5,3.585449653248566,SC
82.6,3.644486226606448,SC
82.7,3.7053431364502907,SC
82.8,3.667442206046078,SC
82.9,3.6761328455140325,SC
83.0,3.620108644778866,SC
83.1,3.6557873052586514,SC
83.2,3.5825457871270237,SC
83.3,3.574032389827031,SC
83.4,3.506981749426237,SC
83.5,3.4746646647819324,SC
83.6,3.426311645048399,SC
83.7,3.352535473346894,SC
83.8,3.3309913218359615,SC
83.9,3.2409547223440196,SC
84.0,3.2119234694919605,SC
84.1,3.2146034400076604,SC
84.2,3.2416490514255694,SC
84.3,3.1754758912674887,SC
84.4,3.1795347611225258,SC
84.5,3.143001981551326,SC
84.6,3.1490173123999505,SC
84.7,3.119382464079233,SC
84.8,3.078056603806778,SC
84.9,3.05495418667001,SC
85.0,3.0235314160409117,SC
85.1,2.971570685625408,SC
85.2,2.9431651517880986,SC
85.3,2.8867259248261767,SC
85.4,2.9144850746704924,SC
85.5,2.8494409872982134,SC
85.6,2.7946259490779592,SC
85.7,2.77394411588729,SC
85.8,2.6728615233288835,SC
85.9,2.6239846789841077,SC
86.0,2.6307018182937814,SC
86.1,2.5756091210718237,SC
86.2,2.5639490632735824,SC
86.3,2.539349847859377,SC
86.4,2.5212870687650817,SC
86.5,2.4444354251875913,SC
86.6,2.445271228872434,SC
86.7,2.4087480851942096,SC
86.8,2.3876891851940485,SC
86.9,2.3437066593094213,SC
87.0,2.3561948647806275,SC
87.1,2.30193775503283,SC
87.2,2.4150534861989694,SC
87.3,2.4222996278544118,SC
87.4,2.49662410592385,SC
87.5,2.512539988768972,SC
87.6,2.528895722003097,SC
87.7,2.5612221960924533,SC
87.8,2.548547773534751,SC
87.9,2.5012964328997356,SC
88.0,2.488375963796929,SC
88.1,2.566165178587025,SC
88.2,2.553153380705547,SC
88.3,2.551524269126979,SC
88.4,2.496606555739102,SC
88.5,2.452703600512823,SC
88.6,2.450580395815547,SC
88.7,2.438768102640276,SC
88.8,2.397400069484092,SC
88.9,2.4291834144128797,SC
89.0,2.4195398629016895,SC
89.1,2.362883397115977,SC
89.2,2.331833070123669,SC
89.3,2.2851580205606794,SC
89.4,2.3213563579252043,SC
89.5,2.2717583848545724,SC
89.6,2.2368984388567266,SC
89.7,2.2335150530032446,SC
89.8,2.1939331682656023,SC
89.9,2.1909102697720195,SC
90.0,2.1420340992116467,SC
90.1,2.1761303856742966,SC
90.2,2.13640395170826,SC
90.3,2.1463693208170973,SC
90.4,2.104464869610637,SC
90.5,2.0916435685513695,SC
90.6,2.056576929808936,SC
90.7,2.083037985392325,SC
90.8,2.037896032891595,SC
90.9,2.033790173524149,SC
91.0,2.023626214575543,SC
91.1,1.9987273356701811,SC
91.2,1.9530165694443185,SC
91.3,1.97376957728542,SC
91.4,1.98593506269246,SC
91.5,1.9544919871139073,SC
91.6,1.9499618859838133,SC
91.7,1.9504579562182367,SC
91.8,1.9377857108211818,SC
91.9,1.9131179244409666,SC
92.0,1.9267395970101144,SC
92.1,1.9413882928924466,SC
92.2,1.8948130450169567,SC
92.3,1.9029538503140275,SC
92.4,1.877683121643383,SC
92.5,1.9122381229126086,SC
92.6,1.8872751305407227,SC
92.7,1.8680455386128634,SC
92.8,1.8830280513755593,SC
92.9,1.8534408157262696,SC
93.0,1.8533611158077947,SC
93.1,1.841526288299269,SC
93.2,1.8462629736244325,SC
93.3,1.8917788507270676,SC
93.4,1.847159813315962,SC
93.5,1.8684862184143243,SC
93.6,1.8399179000176635,SC
93.7,1.8694530101493958,SC
93.8,1.8314891009340142,SC
93.9,1.8506677851705609,SC
94.0,1.8426489404254067,SC
94.1,1.8865583036361988,SC
94.2,1.851113932643004,SC
94.3,1.8252393378043563,SC
94.4,1.849475155207629,SC
94.5,1.8772953789814206,SC
94.6,1.8007742025465436,SC
94.7,1.815426173611743,SC
94.8,1.8265173045270267,SC
94.9,1.821960334040611,SC
95.0,1.8227582075267614,SC
95.1,1.8025014789244491,SC
95.2,1.8558968427670097,SC
95.3,1.7986533657974992,SC
95.4,1.822442843314055,SC
95.5,1.846756663346228,SC
95.6,1.824678453372883,SC
95.7,1.8051833768742545,SC
95.8,1.7973318331519696,SC
95.9,1.8192824877027598,SC
96.0,1.8083602005027468,SC
96.1,1.8272631725878175,SC
96.2,1.794825053494983,SC
96.3,1.8388464918222223,SC
96.4,1.8246631276451952,SC
96.5,1.8259484418609788,SC
96.6,1.850804669494893,SC
96.7,1.8130891794768207,SC
96.8,1.8072200017790805,SC
96.9,1.8107004149575998,SC
97.0,1.8177514853860384,SC
97.1,1.8118424565870637,SC
97.2,1.7974307480903142,SC
97.3,1.7739710441595549,SC
97.4,1.8036073030204203,SC
97.5,1.8224206068234805,SC
97.6,1.8183525358073696,SC
97.7,1.840026789932169,SC
97.8,1.8555588057424797,SC
97.9,1.8320541567612572,SC
98.0,1.8449413213196442,SC
98.1,1.8330548305181733,SC
98.2,1.8523507633091338,SC
98.3,1.8556082698275325,SC
98.4,1.8380578929223745,SC
98.5,1.8336105460585197,SC
98.6,1.815831602280814,SC
98.7,1.8195677392285987,SC
98.8,1.8141009013251121,SC
98.9,1.8337507545523337,SC
99.0,1.8073917344151393,SC
99.1,1.818454429273412,SC
99.2,1.775655886450191,SC
99.3,1.8577086718777116,SC
99.4,1.8193298179352753,SC
99.5,1.8333481862143386,SC
99.6,1.8538943978854554,SC
99.7,1.8312514241417306,SC
99.8,1.9427199579034835,SC
99.9,1.9615702817272545,SC
100.0,2.093251092645635,SC
100.1,2.114290989421363,SC
100.2,2.1340662493120632,SC
100.3,2.187305799812981,SC
100.4,2.1572340052709618,SC
100.5,2.1906289033255364,SC
100.6,2.2360283180624307,SC
100.7,2.1763126472262826,SC
100.8,2.227846327331213,SC
100.9,2.2273405297835582,SC
101.0,2.253734717743958,SC
101.1,2.1783794913273087,SC
101.2,2.236331949980738,SC
101.3,2.185784287715316,SC
101.4,2.1798747355234176,SC
101.5,2.1554546659118845,SC
101.6,2.1486522263238097,SC
101.7,2.168594294218269,SC
101.8,2.1281308529224106,SC
101.9,2.1548922226995972,SC
102.0,2.1164885570964738,SC
102.1,2.0951810773961803,SC
102.2,2.098677956845782,SC
102.3,2.1059129715514695,SC
102.4,2.083772144726026,SC
102.5,2.080374025230759,SC
102.6,2.0842418247570826,SC
102.7,2.0828718236219568,SC
102.8,2.0462203035383095,SC
102.9,2.0230403608162364,SC
103.0,2.0372599177626856,SC
103.1,2.037278546556219,SC
103.2,1.9910938800722378,SC
103.3,1.9952531622884189,SC
103.4,1.9917496431987118,SC
103.5,1.995351631534749,SC
103.6,1.9779630801235486,SC
103.7,2.0012946526864086,SC
103.8,1.9493083280159622,SC
103.9,1.9443529667030506,SC
104.0,1.9640768212444828,SC
104.1,1.9623111376584976,SC
104.2,1.9320545059297975,SC
104.3,1.9445803539592357,SC
104.4,1.944498307454421,SC
104.5,2.011420135144509,SC
104.6,2.076442662347816,SC
104.7,2.103516885788026,SC
104.8,2.1804871272100437,SC
104.9,2.1871053572732775,SC
105.0,2.181035796777666,SC
105.1,2.2133607999680307,SC
105.2,2.223584237614881,SC
105.3,2.2511327517830826,SC
105.4,2.217318267107995,SC
105.5,2.2444723673191094,SC
105.6,2.2275527708079634,SC
105.7,2.252336303665523,SC
105.8,2.242660102043571,SC
105.9,2.2139642370519774,SC
106.0,2.1970589378158674,SC
106.1,2.204028285600237,SC
106.2,2.1813713985698873,SC
106.3,2.209316007493846,SC
106.4,2.1677821081728417,SC
106.5,2.1484832255917796,SC
106.6,2.137756833897752,SC
106.7,2.1130849005298105,SC
106.8,2.1389772284144355,SC
106.9,2.237546860423372,SC
107.0,2.3775670678317127,SC
107.1,2.410591743729302,SC
107.2,2.502162124648896,SC
107.3,2.5708059063652327,SC
107.4,2.540278963291942,SC
107.5,2.6485461896538265,SC
107.6,2.615581948210278,SC
107.7,2.6353386932445315,SC
107.8,2.6461601025611197,SC
107.9,2.6463349338086988,SC
108.0,2.6301634839023973,SC
108.1,2.6340895178431394,SC
108.2,2.6112357573397706,SC
108.3,2.6206145276118784,SC
108.4,2.5787031152794113,SC
108.5,2.5891385985685478,SC
108.6,2.548534918584556,SC
108.7,2.474437268610705,SC
108.8,2.5424307191433493,SC
108.9,2.458200984916622,SC
109.0,2.4790712467367513,SC
109.1,2.429302677904499,SC
109.2,2.429844121724179,SC
109.3,2.3750506379783127,SC
109.4,2.3819501481282086,SC
109.5,2.3454625734882613,SC
109.6,2.3637191889756712,SC
109.7,2.3160462276790974,SC
109.8,2.309083650796875,SC
109.9,2.230755357812897,SC
110.0,2.25658827558541,SC
110.1,2.8069942648959514,SC
110.2,3.2432707264057976,SC
110.3,3.612340219414384,SC
110.4,3.8671582686780357,SC
110.5,4.094828779273966,SC
110.6,4.284325537161368,SC
110.7,4.337583183635881,SC
110.8,4.48000569162716,SC
110.9,4.515221601474957,SC
111.0,4.531114638203182,SC
111.1,4.561761649570305,SC
111.2,4.567249594469455,SC
111.3,4.536397026444885,SC
111.4,4.473839849711918,SC
111.5,4.445361733637675,SC
111.6,4.388900496057158,SC
111.7,4.307578711694396,SC
111.8,4.228792535263935,SC
111.9,4.1600400101115005,SC
112.0,4.117383135874061,SC
112.1,4.0263176321073475,SC
112.2,3.9321443412926276,SC
112.3,3.8452486890646016,SC
112.4,3.821924079800407,SC
112.5,3.721560461363855,SC
112.6,3.667506567771745,SC
112.7,3.6155519441685757,SC
112.8,3.496101125432884,SC
112.9,3.454721071178443,SC
113.0,3.3874963001941816,SC
113.1,3.335819723013183,SC
113.2,3.2924089506624576,SC
113.3,3.182557997439069,SC
113.4,3.164199111888416,SC
113.5,3.1192226367168834,SC
113.6,3.0427710714631537,SC
113.7,2.9937470906626795,SC
113.8,2.9569180004591953,SC
113.9,2.909511371019737,SC
114.0,2.870292997831844,SC
114.1,2.827814930360362,SC
114.2,2.756750051850427,SC
114.3,2.757793868594813,SC
114.4,2.7190128331826595,SC
114.5,2.6646918796897117,SC
114.6,2.5979852080013095,SC
114.7,2.594016690010905,SC
114.8,2.570128835979334,SC
114.9,2.5147050512821685,SC
115.0,2.5031202717840553,SC
115.1,2.456174890295286,SC
115.2,2.471805629626797,SC
115.3,2.4394811376918217,SC
115.4,2.3809014008193956,SC
115.5,2.3996038596711813,SC
115.6,2.3712556987289246,SC
115.7,2.3635323413223386,SC
115.8,2.354255217287527,SC
115.9,2.350926484413067,SC
116.0,2.3530766200001056,SC
116.1,2.3565161915760013,SC
116.2,2.364188120215567,SC
116.3,2.3614734555244783,SC
116.4,2.3479352941228844,SC
116.5,2.3353595526531215,SC
116.6,2.327976570728729,SC
116.7,2.375661803980133,SC
116.8,2.2892880797731268,SC
116.9,2.2837528894342625,SC
117.0,2.3507739015029294,SC
117.1,2.2831876927251367,SC
117.2,2.2370171177931573,SC
117.3,2.2713749564367687,SC
117.4,2.2263427997520804,SC
117.5,2.2529159997389105,SC
117.6,2.2209164541672437,SC
117.7,2.2069828243986875,SC
117.8,2.2388723164608884,SC
117.9,2.20921353424515,SC
118.0,2.208841792495578,SC
118.1,2.1898863243594935,SC
118.2,2.1644201585685248,SC
118.3,2.177975149470088,SC
118.4,2.1826894375764705,SC
118.5,2.154273083381631,SC
118.6,2.180996843504775,SC
118.7,2.155666841385489,SC
118.8,2.1368911375178534,SC
118.9,2.1319698566256076,SC
119.0,2.124260045724598,SC
119.1,2.0913440190870656,SC
119.2,2.109690566134601,SC
119.3,2.111299840016241,SC
119.4,2.094190407522436,SC
119.5,2.105144500619119,SC
119.6,2.0949297688223063,SC
119.7,2.10631494580239,SC
119.8,2.1006568072873875,SC
119.9,2.087498321103102,SC
120.0,2.0093915335669124,SC
120.1,2.0718640494050082,SC
120.2,2.0326023350740106,SC
120.3,2.033287001992596,SC
120.4,2.027590159075084,SC
120.5,2.024276723687034,SC
120.6,2.06459632977909,SC
120.7,2.061169434970404,SC
120.8,2.0421303515140816,SC
120.9,2.030944416541076,SC
121.0,2.0453842278514407,SC
121.1,2.034438349124704,SC
121.2,2.0291692385573676,SC
121.3,2.0397955772451675,SC
121.4,2.0243163450606017,SC
121.5,2.0383349877245585,SC
121.6,2.0375664437994634,SC
121.7,2.0457732247905898,SC
121.8,2.0216025121855807,SC
121.9,2.0484951795049735,SC
122.0,2.0165081371999314,SC
122.1,2.1543921606416077,SC
122.2,2.262707786802562,SC
122.3,2.338999390512965,SC
122.4,2.4506185578893818,SC
122.5,2.466085445789423,SC
122.6,2.514173144701931,SC
122.7,2.5853861791207384,SC
122.8,2.5720844462651278,SC
122.9,2.595461215646763,SC
123.0,2.588439559942355,SC
123.1,2.6295685798350874,SC
123.2,2.629742872212864,SC
123.3,2.623921641782976,SC
123.4,2.6133193199996905,SC
123.5,2.5951172760092835,SC
123.6,2.5723619800339903,SC
123.7,2.554286447517736,SC
123.8,2.582996087861618,SC
123.9,2.5582725854555313,SC
124.0,2.5143003095788194,SC
124.1,2.5137701251765296,SC
124.2,2.4915676857452014,SC
124.3,2.4595350247126,SC
124.4,2.4702329024236307,SC
124.5,2.4430995195111134,SC
124.6,2.417316399247166,SC
124.7,2.3920344812362693,SC
124.8,2.3759341476531977,SC
124.9,2.385757552336904,SC
125.0,2.3778730311068292,SC
125.1,2.348892997851667,SC
125.2,2.3666886047890667,SC
125.3,2.3400982393931447,SC
125.4,2.341147886183469,SC
125.5,2.3146198005655942,SC
125.6,2.2916682466726357,SC
125.7,2.2971208412099036,SC
125.8,2.2597362208806975,SC
125.9,2.286368979855786,SC
126.0,2.2478572094054656,SC
126.1,2.2764034361042618,SC
126.2,2.243115167244491,SC
126.3,2.2633750453190684,SC
126.4,2.2122938728500565,SC
126.5,2.2141817825004813,SC
126.6,2.228702470274195,SC
126.7,2.238182915155454,SC
126.8,2.2421238777496764,SC
126.9,2.2039543291091017,SC
127.0,2.234521058259558,SC
127.1,2.1869033274670273,SC
127.2,2.2098815599235553,SC
127.3,2.1645393890387457,SC
127.4,2.1875194647163214,SC
127.5,2.1282584665180537,SC
127.6,2.148870952533298,SC
127.7,2.1770698415528034,SC
127.8,2.1381340358391605,SC
127.9,2.1697715464722576,SC
128.0,2.1764053220171378,SC
128.1,2.145478220956266,SC
128.2,2.1335302467730477,SC
128.3,2.1409981794181894,SC
128.4,2.1288982495573125,SC
128.5,2.144075176582428,SC
128.6,2.1461712949137612,SC
128.7,2.136177428762948,SC
128.8,2.1740844158895873,SC
128.9,2.124633837666707,SC
129.0,2.1653942603605025,SC
129.1,2.115397685125196,SC
129.2,2.136442538806846,SC
129.3,2.1575159648696185,SC
129.4,2.1554451709665,SC
129.5,2.123469526285918,SC
129.6,2.1421206264439947,SC
129.7,2.138670873135135,SC
129.8,2.1187559035974144,SC
129.9,2.141256438200472,SC
130.0,2.165641599058395,SC
130.1,2.137348034914802,SC
130.2,2.138827921642829,SC
130.3,2.140591892067308,SC
130.4,2.0976353598355075,SC
130.5,2.1358206093755783,SC
130.6,2.106094437729751,SC
130.7,2.114494993013357,SC
130.8,2.1694416879134018,SC
130.9,2.121092309653783,SC
131.0,2.1113509865458986,SC
131.1,2.149243063746699,SC
131.2,2.107312718053851,SC
131.3,2.117428610326924,SC
131.4,2.2359948049718272,SC
131.5,2.2811695412189845,SC
131.6,2.305291454787578,SC
131.7,2.392457464418515,SC
131.8,2.409216766859073,SC
131.9,2.475463535254473,SC
132.0,2.442803110023699,SC
132.1,2.4914261267408326,SC
132.2,2.5165357870558096,SC
132.3,2.585211093804396,SC
132.4,2.695327471822142,SC
132.5,2.7833077778608755,SC
132.6,2.8172392511585005,SC
132.7,2.8838412157912496,SC
132.8,2.9054993103940387,SC
132.9,2.926161998012493,SC
133.0,2.944320049749872,SC
133.1,2.9497231300532545,SC
133.2,2.950467262733959,SC
133.3,2.929115760501598,SC
133.4,2.9198216021826333,SC
133.5,2.9151005789639233,SC
133.6,2.900507166109952,SC
133.7,2.874505936064768,SC
133.8,2.8700745219209383,SC
133.9,2.806452770494036,SC
134.0,2.8064737672976277,SC
134.1,2.7932908302365207,SC
134.2,2.759285802081837,SC
134.3,2.7864239573267815,SC
134.4,2.7317283695680925,SC
134.5,2.7126133070153475,SC
134.6,2.677466773396875,SC
134.7,2.665285397658005,SC
134.8,2.620252616546361,SC
134.9,2.6206605374694814,SC
135.0,2.5854004850683414,SC
135.1,2.5792918326503336,SC
135.2,2.514977748081222,SC
135.3,2.5256026376377196,SC
135.4,2.560085198829756,SC
135.5,2.5307173335093944,SC
135.6,2.6734560205131035,SC
135.7,2.781340821123389,SC
135.8,2.851055175218607,SC
135.9,2.8934502994966658,SC
136.0,2.930510119293216,SC
136.1,3.009295362220864,SC
136.2,3.0112837446247624,SC
136.3,3.0738941231957964,SC
136.4,3.0227207732275354,SC
136.5,3.0688475433293165,SC
136.6,3.0201513428071856,SC
136.7,3.039438957407458,SC
136.8,3.0324715913076568,SC
136.9,2.9610165254680862,SC
137.0,2.952451166714712,SC
137.1,2.920430761385341,SC
137.2,2.894139085036327,SC
137.3,2.9088104869931075,SC
137.4,2.867666559370357,SC
137.5,2.848439063349154,SC
137.6,2.8341914778017205,SC
137.7,2.761658174164752,SC
137.8,2.8004942581552994,SC
137.9,2.744065796183779,SC
138.0,2.7384184708970625,SC
138.1,2.717419707636501,SC
138.2,2.710229769126407,SC
138.3,2.659145120028033,SC
138.4,2.597852411211556,SC
138.5,2.6212291696972616,SC
138.6,2.6045562127699733,SC
138.7,2.561014509018632,SC
138.8,2.5665115457198677,SC
138.9,2.538904904925143,SC
139.0,2.502528356761898,SC
139.1,2.5267556739203423,SC
139.2,2.486665469280311,SC
139.3,2.4750827927436223,SC
139.4,2.459868910760931,SC
139.5,2.480361917377561,SC
139.6,2.441968748635249,SC
139.7,2.432087149419447,SC
139.8,2.4099739541558214,SC
139.9,2.4168688707860384,SC
140.0,2.423945941731389,SC
140.1,2.399767992566578,SC
140.2,2.3908826348177143,SC
140.3,2.3800682239685305,SC
140.4,2.3315817561465275,SC
140.5,2.3333331832216087,SC
140.6,2.338832502803194,SC
140.7,2.320881694213688,SC
140.8,2.3069478259236478,SC
140.9,2.2839908998344804,SC
141.0,2.2880398920887277,SC
141.1,2.3037007683397372,SC
141.2,2.301613396240758,SC
141.3,2.2748584535625422,SC
141.4,2.2873750009167635,SC
141.5,2.2724492675366053,SC
141.6,2.298507435594414,SC
141.7,2.2692626460367338,SC
141.8,2.2824392230259547,SC
141.9,2.2688021093913053,SC
142.0,2.233119416489629,SC
142.1,2.25595887836103,SC
142.2,2.2206920923990245,SC
142.3,2.240649278476701,SC
142.4,2.2254563905700384,SC
142.5,2.2456788597521116,SC
142.6,2.208999786785531,SC
142.7,2.234068568728989,SC
142.8,2.2432648771068457,SC
142.9,2.2481191516757892,SC
143.0,2.212937734011033,SC
143.1,2.226927918271141,SC
143.2,2.2287006389493778,SC
143.3,2.254493279987173,SC
143.4,2.192540948414066,SC
143.5,2.2026417334045356,SC
143.6,2.275724610947418,SC
143.7,2.213016431386565,SC
143.8,2.1795692387171113,SC
143.9,2.20471303162035,SC
144.0,2.160022300231169,SC
144.1,2.219311509799081,SC
144.2,2.229836666239923,SC
144.3,2.1946072340717864,SC
144.4,2.202674379016635,SC
144.5,2.2298565451592394,SC
144.6,2.1757174764031326,SC
144.7,2.1836700154176314,SC
144.8,2.2049578467509408,SC
144.9,2.1939290572935777,SC
145.0,2.2025888533583875,SC
145.1,2.182714495982966,SC
145.2,2.211830091905244,SC
145.3,2.2041427142338956,SC
145.4,2.2177222845942937,SC
145.5,2.1984819740891415,SC
145.6,2.1988495820245526,SC
145.7,2.166026091747642,SC
145.8,2.205035183420647,SC
145.9,2.188791786850964,SC
146.0,2.1922975539937686,SC
146.1,2.216809849652169,SC
146.2,2.181665523794006,SC
146.3,2.223282219367629,SC
146.4,2.2253469561331993,SC
146.5,2.2117066702600785,SC
146.6,2.1772267053785,SC
146.7,2.153296000318416,SC
146.8,2.2187759056993,SC
146.9,2.199598844507983,SC
147.0,2.182633718702598,SC
147.1,2.221170024236849,SC
147.2,2.180623288975042,SC
147.3,2.1895216263786925,SC
147.4,2.208647375380629,SC
147.5,2.1760169156424642,SC
147.6,2.196233322070754,SC
147.7,2.2203342120641563,SC
147.8,2.2028967679925016,SC
147.9,2.2237407178275097,SC
148.0,2.2215764262337747,SC
148.1,2.199165880680678,SC
148.2,2.152377565393468,SC
148.3,2.1770927671778475,SC
148.4,2.214565254097591,SC
148.5,2.1683784383409197,SC
148.6,2.1929290436731526,SC
148.7,2.2063064680409017,SC
148.8,2.2289967596008844,SC
148.9,2.1881679693937173,SC
149.0,2.186856152769252,SC
149.1,2.198729059662484,SC
149.2,2.206842825415974,SC
149.3,2.1967807422078094,SC
149.4,2.220886679050863,SC
149.5,2.183948588334542,SC
149.6,2.2023593553625505,SC
149.7,2.2088795807012724,SC
149.8,2.191984377674985,SC
149.9,2.216791457180685,SC
150.0,2.202979170824847,SC
150.1,2.215774172712531,SC
150.2,2.203871116034079,SC
150.3,2.2075034179260764,SC
150.4,2.1873083015579824,SC
150.5,2.1873160308912873,SC
150.6,2.224389241671722,SC
150.7,2.2125758876461377,SC
150.8,2.179365262695324,SC
150.9,2.203395243485491,SC
151.0,2.1522503858802065,SC
151.1,2.188189560048817,SC
151.2,2.2188258992180523,SC
151.3,2.197033943992898,SC
151.4,2.2018211488382122,SC
151.5,2.139055841816221,SC
151.6,2.191453499487178,SC
151.7,2.205973657558698,SC
151.8,2.2084181904285827,SC
151.9,2.2182582282189327,SC
152.0,2.194699224038186,SC
152.1,2.195479074838553,SC
152.2,2.172032204531882,SC
152.3,2.194461037602425,SC
152.4,2.1731914390149396,SC
152.5,2.161331569878654,SC
152.6,2.176445980692077,SC
152.7,2.228178429699391,SC
152.8,2.1924432425623324,SC
152.9,2.202096324622204,SC
153.0,2.187267743095066,SC
153.1,2.1615601228923236,SC
153.2,2.2159214699126952,SC
153.3,2.153577902433843,SC
153.4,2.1857432680580153,SC
153.5,2.19555868389579,SC
153.6,2.201067243014335,SC
153.7,2.181729140707872,SC
153.8,2.159295005263245,SC
153.9,2.1798226962776446,SC
154.0,2.1806543603943678,SC
154.1,2.179947244983951,SC
154.2,2.2145845241919013,SC
154.3,2.170680183275462,SC
154.4,2.200735366063395,SC
154.5,2.197639924823894,SC
154.6,2.2134359575313605,SC
154.7,2.1913117656222107,SC
154.8,2.2095392515696775,SC
154.9,2.1900091477932935,SC
155.0,2.2018730157895097,SC
155.1,2.162852661946615,SC
155.2,2.1398669518337097,SC
155.3,2.1998991989811594,SC
155.4,2.200682399656173,SC
155.5,2.201273993636676,SC
155.6,2.18096524921132,SC
155.7,2.2209530480038735,SC
155.8,2.181650509388515,SC
155.9,2.1989498766441646,SC
156.0,2.2021040277591126,SC
156.1,2.2242598987233633,SC
156.2,2.1832130896061206,SC
156.3,2.176153213640926,SC
156.4,2.1589123663591896,SC
156.5,2.219575638351685,SC
156.6,2.1966043719318162,SC
156.7,2.196880072536828,SC
156.8,2.3770746649128442,SC
156.9,2.425006004886964,SC
157.0,2.4764508274556474,SC
157.1,2.565718402553281,SC
157.2,2.602943886669642,SC
157.3,2.655157442873268,SC
157.4,2.68535751699109,SC
157.5,2.7033089217714443,SC
157.6,2.7015104997267407,SC
157.7,2.769425816311625,SC
157.8,2.746643205697219,SC
157.9,2.735010620987317,SC
158.0,2.750036953128943,SC
158.1,2.736818565909294,SC
158.2,2.7231179938040233,SC
158.3,2.7196694206274743,SC
158.4,2.6955666151363356,SC
158.5,2.6920989561803212,SC
158.6,2.6787349259848017,SC
158.7,2.651315794541552,SC
158.8,2.6276537667734154,SC
158.9,2.646449509430985,SC
159.0,2.5899831475345705,SC
159.1,2.591102795394665,SC
159.2,2.575421142505422,SC
159.3,2.5390271486418823,SC
159.4,2.5194088175847265,SC
159.5,2.513156761922345,SC
159.6,2.495418651204151,SC
159.7,2.461520059884212,SC
159.8,2.4634849979983184,SC
159.9,2.4680996079936164,SC
160.0,2.4747922416564965,SC
160.1,2.4477027267065914,SC
160.2,2.372210541593265,SC
160.3,2.425056754285122,SC
160.4,2.3895359155357445,SC
160.5,2.3986612291093707,SC
160.6,2.3786418767391924,SC
160.7,2.364810577802717,SC
160.8,2.356763617365564,SC
160.9,2.3488967565858085,SC
161.0,2.3671512298246378,SC
161.1,2.3311564510161364,SC
161.2,2.3449029425772787,SC
161.3,2.333976218091122,SC
161.4,2.3208354594892886,SC
161.5,2.264396501331027,SC
161.6,2.3154011907239282,SC
161.7,2.310709157966449,SC
161.8,2.3551558174467906,SC
161.9,2.3374209065065896,SC
162.0,2.345014924186713,SC
162.1,2.416556053027174,SC
162.2,2.3632284689430407,SC
162.3,2.4081399209677112,SC
162.4,2.388359114980654,SC
162.5,2.3766388841372574,SC
162.6,2.381776330921806,SC
162.7,2.3531230513955004,SC
162.8,2.3744036700611555,SC
162.9,2.347808162938241,SC
163.0,2.3557490713329012,SC
163.1,2.3759057260371024,SC
163.2,2.3558872443901726,SC
163.3,2.3143227069631442,SC
163.4,2.353999149485095,SC
163.5,2.3297395390107942,SC
163.6,2.3119157359510987,SC
163.7,2.3305837381169288,SC
163.8,2.3052484444467263,SC
163.9,2.278304904241299,SC
164.0,2.3317085352500104,SC
164.1,2.2876697440027183,SC
164.2,2.279795746646626,SC
164.3,2.2668862298271555,SC
164.4,2.292318406713306,SC
164.5,2.2521244384644,SC
164.6,2.225801526121952,SC
164.7,2.2373850478104402,SC
164.8,2.2719305391159654,SC
164.9,2.2566524198718367,SC
165.0,2.2297007325830145,SC
165.1,2.2572313509659305,SC
165.2,2.239860929073072,SC
165.3,2.214872917379782,SC
165.4,2.212351632680922,SC
165.5,2.2178792100988947,SC
165.6,2.190431199810002,SC
165.7,2.2030831732096683,SC
165.8,2.2052304107080345,SC
165.9,2.161525665306173,SC
166.0,2.1878160330080347,SC
166.1,2.182006221611873,SC
166.2,2.2052159769789053,SC
166.3,2.144469300982433,SC
166.4,2.1705461829712442,SC
166.5,2.165465908901602,SC
166.6,2.191330077473272,SC
166.7,2.1582173579115373,SC
166.8,2.1927260013598846,SC
166.9,2.1678297724192777,SC
167.0,2.14422507951274,SC
167.1,2.1551265375642994,SC
167.2,2.1412128457153825,SC
167.3,2.1634973752256967,SC
167.4,2.117732538724579,SC
167.5,2.1260189515671812,SC
167.6,2.149770011656385,SC
167.7,2.1633793680455424,SC
167.8,2.093075388515761,SC
167.9,2.162895104303861,SC
168.0,2.130932286237273,SC
168.1,2.094423264949727,SC
168.2,2.070466610296597,SC
168.3,2.0983467184690623,SC
168.4,2.1270048056523345,SC
168.5,2.124574991748578,SC
168.6,2.137079067179227,SC
168.7,2.1119740170141945,SC
168.8,2.0993768553408687,SC
168.9,2.111873720377562,SC
169.0,2.119428046812896,SC
169.1,2.122013095759529,SC
169.2,2.1002764025944405,SC
169.3,2.132769852231269,SC
169.4,2.1010123288887104,SC
169.5,2.094762397406528,SC
169.6,2.1000415868373157,SC
169.7,2.131134188669767,SC
169.8,2.105743867532515,SC
169.9,2.0932855706806355,SC
170.0,2.1244869019765953,SC
170.1,2.1476207535474785,SC
170.2,2.107771904615115,SC
170.3,2.127078342250054,SC
170.4,2.1219564366611285,SC
170.5,2.0879650138570516,SC
170.6,2.09946240351729,SC
170.7,2.072139179890425,SC
170.8,2.0925595103531442,SC
170.9,2.0830102771595143,SC
171.0,2.086359079726357,SC
171.1,2.078308161413393,SC
171.2,2.0864595237219388,SC
171.3,2.1017472533417014,SC
171.4,2.0876192705950953,SC
171.5,2.051633170448857,SC
171.6,2.0702334470150445,SC
171.7,2.0538191756223334,SC
171.8,2.0881373629717155,SC
171.9,2.0923692190021055,SC
172.0,2.0864782930522434,SC
172.1,2.2070467017990434,SC
172.2,2.3432746562635978,SC
172.3,2.4223603456366787,SC
172.4,2.483571736781117,SC
172.5,2.5797127913805724,SC
172.6,2.626163012466385,SC
172.7,2.6621877664347573,SC
172.8,2.6547266477393303,SC
172.9,2.705986108204268,SC
173.0,2.681181130720715,SC
173.1,2.7070642636820677,SC
173.2,2.6819811899642834,SC
173.3,2.6820244639556523,SC
173.4,2.6291991178655927,SC
173.5,2.6601266920766715,SC
173.6,2.6544723187678843,SC
173.7,2.629320153672158,SC
173.8,2.6562753686348906,SC
173.9,2.5806096626647794,SC
174.0,2.574639104168231,SC
174.1,2.549434179516694,SC
174.2,2.5376343067179126,SC
174.3,2.550830354906992,SC
174.4,2.5410987940866017,SC
174.5,2.479008917853056,SC
174.6,2.4602888051896152,SC
174.7,2.4336383577306675,SC
174.8,2.4653022973493797,SC
174.9,2.4443997463366474,SC
175.0,2.4031039066298105,SC
175.1,2.3610109392510075,SC
175.2,2.346991873351708,SC
175.3,2.361223883316203,SC
175.4,2.3539841714896963,SC
175.5,2.2873622672831213,SC
175.6,2.3084464737173565,SC
175.7,2.333921063897897,SC
175.8,2.28437523304015,SC
175.9,2.3061671655941036,SC
176.0,2.2774724291712016,SC
176.1,2.231379351539931,SC
176.2,2.236228608152995,SC
176.3,2.228955554094263,SC
176.4,2.2023431314334045,SC
176.5,2.1922623636442253,SC
176.6,2.23244966834882,SC
176.7,2.173795614688145,SC
176.8,2.206299855166301,SC
176.9,2.1677354950170815,SC
177.0,2.168018377202933,SC
177.1,2.1721524110959356,SC
177.2,2.1416338481467743,SC
177.3,2.1579448476898753,SC
177.4,2.098919614115818,SC
177.5,2.1421713578509207,SC
177.6,2.0777914077531765,SC
177.7,2.1166543187635933,SC
177.8,2.1325388488943675,SC
177.9,2.122385579425878,SC
178.0,2.0786699544326237,SC
178.1,2.076146430076581,SC
178.2,2.0808615430508963,SC
178.3,2.093639311493292,SC
178.4,2.044732493128457,SC
178.5,2.080730773439534,SC
178.6,2.0830079736673897,SC
178.7,2.067055308756578,SC
178.8,2.079304467229644,SC
178.9,2.069492981392095,SC
179.0,2.0505377534764255,SC
179.1,2.019125015360708,SC
179.2,2.05711467167859,SC
179.3,2.0320964493742353,SC
179.4,2.036411149895474,SC
179.5,2.05448384497796,SC
179.6,2.07026975534985,SC
179.7,2.038277270009185,SC
179.8,2.0473243231890454,SC
179.9,2.0046428871001116,SC
180.0,2.0358132142403274,SC
180.1,2.0271518359474134,SC
180.2,2.050454969587511,SC
180.3,2.0126514479852693,SC
180.4,2.016284455182449,SC
180.5,2.0400132930134705,SC
180.6,2.014776299682827,SC
180.7,1.9922774118787603,SC
180.8,2.06337871742266,SC
180.9,1.9887179473988834,SC
181.0,2.0069890069213105,SC
181.1,2.0132570708071325,SC
181.2,2.0097608037365218,SC
181.3,1.9987414355099653,SC
181.4,1.9970096365226073,SC
181.5,1.9942134871255748,SC
181.6,1.9748376367978486,SC
181.7,2.0384400500153825,SC
181.8,1.989348700686452,SC
181.9,2.0040319150303434,SC
182.0,1.9724012501928372,SC
182.1,1.9709578643346812,SC
182.2,1.9679036966480337,SC
182.3,1.9449757164732855,SC
182.4,1.9717209304847236,SC
182.5,1.965754608469601,SC
182.6,1.9962873756968347,SC
182.7,1.9478857512607932,SC
182.8,1.9592404507364205,SC
182.9,1.9517790266154746,SC
183.0,1.9975637148721903,SC
183.1,1.9502910668822346,SC
183.2,1.9778922475513026,SC
183.3,1.9850174094122375,SC
183.4,1.9616605937077751,SC
183.5,1.936016674882761,SC
183.6,1.935240659907581,SC
183.7,2.2519266518019343,SC
183.8,2.432028594980597,SC
183.9,2.645157635169412,SC
184.0,2.783515322007301,SC
184.1,2.901919487518708,SC
184.2,2.9908490562297203,SC
184.3,3.027684324350255,SC
184.4,3.0731357692498493,SC
184.5,3.137546302398393,SC
184.6,3.1281216154960925,SC
184.7,3.092210767817893,SC
184.8,3.1576115800631985,SC
184.9,3.113854967963249,SC
185.0,3.127758411338782,SC
185.1,3.1251694414911237,SC
185.2,3.0726042566438383,SC
185.3,3.0640466506546744,SC
185.4,3.016694994121487,SC
185.5,3.0130890789389366,SC
185.6,2.9265666874502436,SC
185.7,2.9132910384537047,SC
185.8,2.8921042387050253,SC
185.9,2.839858278705154,SC
186.0,2.831825234463819,SC
186.1,2.765547997711605,SC
186.2,2.7814446933185097,SC
186.3,2.748964946468635,SC
186.4,2.6793286289151106,SC
186.5,2.652691742641714,SC
186.6,2.63427608634214,SC
186.7,2.556399385178504,SC
186.8,2.524534960546191,SC
186.9,2.5474872809711973,SC
187.0,2.500386377541462,SC
187.1,2.463891173292346,SC
187.2,2.4431217582953337,SC
187.3,2.370610598089345,SC
187.4,2.3908926560051835,SC
187.5,2.3569383300461335,SC
187.6,2.368558583430359,SC
187.7,2.3491755418211824,SC
187.8,2.3207418379047153,SC
187.9,2.297880623017877,SC
188.0,2.2415911447187664,SC
188.1,2.2656939370935527,SC
188.2,2.2495610721778068,SC
188.3,2.245690670651964,SC
188.4,2.2476591448532335,SC
188.5,2.156619341906842,SC
188.6,2.1685175637269665,SC
188.7,2.147873226056596,SC
188.8,2.153189642799401,SC
188.9,2.137593179803184,SC
189.0,2.1207697699564796,SC
189.1,2.134647048171883,SC
189.2,2.081204919355679,SC
189.3,2.0720218931896013,SC
189.4,2.0651169621960754,SC
189.5,2.0710935831302097,SC
189.6,2.046420676807567,SC
189.7,2.0627501474585035,SC
189.8,2.0532129184459595,SC
189.9,2.03369427568786,SC
190.0,2.059925471432277,SC
190.1,2.034427603301347,SC
190.2,2.194686861340247,SC
190.3,2.2812336591282434,SC
190.4,2.3740860781158606,SC
190.5,2.4338036256583315,SC
190.6,2.4993218244518856,SC
190.7,2.5544880303596527,SC
190.8,2.5612939803234243,SC
190.9,2.5994851781612094,SC
191.0,2.5843429151446546,SC
191.1,2.7448935538873807,SC
191.2,2.818981079061805,SC
191.3,2.9245261312982067,SC
191.4,2.965369052829175,SC
191.5,3.0341492880888365,SC
191.6,3.0058864158494196,SC
191.7,3.0126855684967757,SC
191.8,3.033143040779475,SC
191.9,3.0127752962692322,SC
192.0,3.001030786728907,SC
192.1,3.023813469339266,SC
192.2,2.989550670047366,SC
192.3,2.9547632482392916,SC
192.4,2.928589345688715,SC
192.5,2.8942643353373287,SC
192.6,2.9075632766052317,SC
192.7,2.82712863797629,SC
192.8,2.782009268626749,SC
192.9,2.920264651883715,SC
193.0,2.972277306037801,SC
193.1,3.0696469877483357,SC
193.2,3.053815436376542,SC
193.3,3.102629978787612,SC
193.4,3.1169570260638553,SC
193.5,3.0847183774943234,SC
193.6,3.050234393344287,SC
193.7,3.066158211926041,SC
193.8,3.043666214755912,SC
193.9,2.9804603081141128,SC
194.0,2.9591827572882754,SC
194.1,2.90144781225925,SC
194.2,2.93250822806985,SC
194.3,2.882338770624434,SC
194.4,2.8503221676462305,SC
194.5,2.785130472485683,SC
194.6,2.762120697067661,SC
194.7,2.739645860971439,SC
194.8,2.7011021526840615,SC
194.9,2.772220095957216,SC
195.0,2.8211065514471345,SC
195.1,2.88116226226934,SC
195.2,2.934426469306016,SC
195.3,3.0316950950014268,SC
195.4,3.046659839516273,SC
195.5,3.066219549343484,SC
195.6,3.114532119546579,SC
195.7,3.0992987751457246,SC
195.8,3.1311075600079077,SC
195.9,3.1064247190822307,SC
196.0,3.0673430858065958,SC
196.1,3.120013325327849,SC
196.2,3.048978947935321,SC
196.3,2.997926886302462,SC
196.4,3.0169002408912413,SC
196.5,2.9506049665936978,SC
196.6,2.951773235939413,SC
196.7,2.8791257744155794,SC
196.8,2.8462317360781495,SC
196.9,2.8269691802786867,SC
197.0,2.7950040270500587,SC
197.1,2.7618491400762695,SC
197.2,2.7084838782806377,SC
197.3,2.6852606632227056,SC
197.4,2.6547414885304605,SC
197.5,2.6098065521503284,SC
197.6,2.569806690161436,SC
197.7,2.511571266498274,SC
197.8,2.5212691312671307,SC
197.9,2.4799541504676395,SC
198.0,2.441694290170636,SC
198.1,2.447413944616422,SC
198.2,2.3662276081364406,SC
198.3,2.401615644140369,SC
198.4,2.343251282821353,SC
198.5,2.3260022398024365,SC
198.6,2.2886782448865737,SC
198.7,2.241113303386292,SC
198.8,2.250460880815643,SC
198.9,2.23964182564322,SC
199.0,2.2270326460588663,SC
199.1,2.1909472152808256,SC
199.2,2.133266173496168,SC
199.3,2.129057706436539,SC
199.4,2.184681852600935,SC
199.5,2.106262730428184,SC
199.6,2.1418194271904025,SC
199.7,2.080426750334485,SC
199.8,2.081927149829189,SC
199.9,2.0851593138449833,SC
200.0,2.0439153377599304,SC
200.1,2.0688467543728812,SC
200.2,2.027839691997156,SC
200.3,2.025349635169295,SC
200.4,2.0010514582290657,SC
200.5,2.0102919036968907,SC
200.6,2.019830369809,SC
200.7,1.9771698886358764,SC
200.8,2.0063167389303485,SC
200.9,1.9517856714913753,SC
201.0,1.962009505297195,SC
201.1,1.9499761722778852,SC
201.2,1.9125847517820873,SC
201.3,1.932277676566095,SC
201.4,1.9224634361391846,SC
201.5,1.8998239891014033,SC
201.6,1.9188647630183189,SC
201.7,1.9096811716958701,SC
201.8,1.900577224022871,SC
201.9,1.896143536002275,SC
202.0,1.8914036416074504,SC
202.1,1.8817318089689474,SC
202.2,1.88794862226587,SC
202.3,2.2135485557573205,SC
202.4,2.5582463291922526,SC
202.5,2.7021826646413816,SC
202.6,2.8984160875874014,SC
202.7,3.041034906178759,SC
202.8,3.1898142140680084,SC
202.9,3.203537035429704,SC
203.0,3.2959403094753084,SC
203.1,3.3723125753244743,SC
203.2,3.4297687727604376,SC
203.3,3.483280944660972,SC
203.4,3.501361390057762,SC
203.5,3.4724042492129117,SC
203.6,3.4780156520167504,SC
203.7,3.419990830765654,SC
203.8,3.4688871682211193,SC
203.9,3.4481601166955724,SC
204.0,3.44715851082725,SC
204.1,3.3956254149101457,SC
204.2,3.4090894875981017,SC
204.3,3.3333057598626317,SC
204.4,3.332201515948067,SC
204.5,3.2634484867521287,SC
204.6,3.227310566761791,SC
204.7,3.2220115227781982,SC
204.8,3.1570173675961657,SC
204.9,3.1214675909365606,SC
205.0,3.0826790713896495,SC
205.1,2.982454065091003,SC
205.2,3.0204232375100744,SC
205.3,2.9472474498111088,SC
205.4,2.9723894728795544,SC
205.5,2.9243427591735642,SC
205.6,2.8890590820100583,SC
205.7,2.890871736457925,SC
205.8,2.866493753780455,SC
205.9,2.8335423483407114,SC
206.0,2.7862561892141535,SC
206.1,2.7507768833725246,SC
206.2,2.724624971825489,SC
206.3,2.686144774861625,SC
206.4,2.6571252925343347,SC
206.5,2.6170292986585006,SC
206.6,2.5970206819435098,SC
206.7,2.5155146627751974,SC
206.8,2.5140945509671395,SC
206.9,2.458540346418342,SC
207.0,2.4621358566032754,SC
207.1,2.460748763158039,SC
207.2,2.3906847627084975,SC
207.3,2.37592954988431,SC
207.4,2.362699215355876,SC
207.5,2.2813649352355627,SC
207.6,2.288384176515584,SC
207.7,2.2831681104979227,SC
207.8,2.1959171971144906,SC
207.9,2.213208475486416,SC
208.0,2.2345355751806197,SC
208.1,2.2132144463672287,SC
208.2,2.1821140217602513,SC
208.3,2.1745555819277094,SC
208.4,2.1442816485037413,SC
208.5,2.134912156367959,SC
208.6,2.1020453290726198,SC
208.7,2.0959310333266945,SC
208.8,2.0668990113089403,SC
208.9,2.0913964016889643,SC
209.0,2.083760816112905,SC
209.1,2.0687278267793197,SC
209.2,2.021339497392268,SC
209.3,1.9993462487962013,SC
209.4,2.033405734381035,SC
209.5,2.0086906799347073,SC
209.6,1.9948102742470841,SC
209.7,1.966450581306465,SC
209.8,1.9789593015845521,SC
209.9,1.94048178785204,SC
210.0,1.9670095600025315,SC
210.1,1.9744285221917877,SC
210.2,1.9723582955285759,SC
210.3,1.947141914635641,SC
210.4,1.8988965385190921,SC
210.5,1.9243653132985394,SC
210.6,1.9573956729376294,SC
210.7,1.8917007422950085,SC
210.8,1.902634529492255,SC
210.9,1.9270953254307495,SC
211.0,1.9064235003261243,SC
211.1,1.9391776071112892,SC
211.2,1.8706373282439352,SC
211.3,1.8614358241255475,SC
211.4,1.901855563131619,SC
211.5,2.058504478276535,SC
211.6,2.24575983766478,SC
211.7,2.383420952737501,SC
211.8,2.513036642571984,SC
211.9,2.5888483056371085,SC
212.0,2.65016140441914,SC
212.1,2.6806938613532503,SC
212.2,2.71909880025968,SC
212.3,2.798424052571034,SC
212.4,2.7448657433355463,SC
212.5,2.737856125731473,SC
212.6,2.7078461299822907,SC
212.7,2.713334902462233,SC
212.8,2.709476595648333,SC
212.9,2.687001640704265,SC
213.0,2.674983806336634,SC
213.1,2.689689856804521,SC
213.2,2.656117592240332,SC
213.3,2.6037260776386097,SC
213.4,2.557539915726601,SC
213.5,2.582658042217681,SC
213.6,2.528811625546237,SC
213.7,2.4663118719041357,SC
213.8,2.489105639040429,SC
213.9,2.4696290309690987,SC
214.0,2.37522527863636,SC
214.1,2.382352570852056,SC
214.2,2.372288093215502,SC
214.3,2.3654576139012744,SC
214.4,2.3173877241110383,SC
214.5,2.2886956806307137,SC
214.6,2.2982431807826518,SC
214.7,2.253435822859047,SC
214.8,2.2534952711403413,SC
214.9,2.2010271648967406,SC
215.0,2.177562279489366,SC
215.1,2.198716768583792,SC
215.2,2.1716343052646057,SC
215.3,2.1687141880504703,SC
215.4,2.1239874410239774,SC
215.5,2.1037871669986012,SC
215.6,2.132610732994263,SC
215.7,2.061281772946203,SC
215.8,2.1037319980085476,SC
215.9,2.092671268062106,SC
216.0,2.071597008586806,SC
216.1,2.02932782721239,SC
216.2,2.015976138990572,SC
216.3,2.017841401956463,SC
216.4,1.9863705893038048,SC
216.5,1.9837394242034574,SC
216.6,2.0070235118235753,SC
216.7,1.998705974392546,SC
216.8,1.9567338844894446,SC
216.9,1.9836525703381649,SC
217.0,1.9720020269443341,SC
217.1,1.9862638993135258,SC
217.2,1.9609474000151117,SC
217.3,1.9645675661938005,SC
217.4,1.9470866317267665,SC
217.5,1.9515963252264241,SC
217.6,1.9009978330645436,SC
217.7,1.9193242946885654,SC
217.8,1.916262464606382,SC
217.9,1.907701874919163,SC
218.0,1.9172295872024874,SC
218.1,1.9170435682140514,SC
218.2,1.9084237772657255,SC
218.3,1.8934708296365876,SC
218.4,1.8789249127054048,SC
218.5,1.9124025397387814,SC
218.6,1.8944534569570315,SC
218.7,1.8642587693067936,SC
218.8,1.8780937773439637,SC
218.9,1.8445945959347698,SC
219.0,1.8778103423023433,SC
219.1,1.870919991231384,SC
219.2,1.8613185970500226,SC
219.3,1.902549649907747,SC
219.4,1.8459076140851804,SC
219.5,1.8814492071873443,SC
219.6,1.9094582973413756,SC
219.7,1.8857792050885733,SC
219.8,1.862214751623572,SC
219.9,1.838873078953138,SC
220.0,1.833114879284945,SC
220.1,1.8510152240064885,SC
220.2,1.8444807647571557,SC
220.3,1.8428848670636926,SC
220.4,1.8498813702782613,SC
220.5,1.8535678215094762,SC
220.6,1.8645920666717555,SC
220.7,1.829473719608496,SC
220.8,1.8399903011922838,SC
220.9,1.8499080963668926,SC
221.0,1.8487162728690065,SC
221.1,1.8889343498223317,SC
221.2,1.8564836751547757,SC
221.3,1.8192504118378703,SC
221.4,1.8429475123768229,SC
221.5,1.8460880367304764,SC
221.6,1.8332675976083643,SC
221.7,1.812102123026811,SC
221.8,1.8721355347605584,SC
221.9,1.8161856163500134,SC
222.0,1.8514120452533291,SC
222.1,1.8428153541315755,SC
222.2,1.8514527159423724,SC
222.3,1.8742002267859281,SC
222.4,1.851926793837981,SC
222.5,1.8301560474008822,SC
222.6,1.8640888430274212,SC
222.7,1.82999100660685,SC
222.8,1.8465324687627374,SC
222.9,1.8180522463720183,SC
223.0,1.8239051831618707,SC
223.1,1.8462596914634224,SC
223.2,1.8532590856164595,SC
223.3,1.8125191571831196,SC
223.4,1.8571865416330848,SC
223.5,1.8315302273480274,SC
223.6,1.8741947491830717,SC
223.7,1.842248032963182,SC
223.8,1.8275053406829085,SC
223.9,1.8521884547021068,SC
224.0,1.8330463348829467,SC
224.1,1.8774526838329406,SC
224.2,1.852791186726715,SC
224.3,1.8504578877806586,SC
224.4,1.8660422948943378,SC
224.5,1.8348261770135368,SC
224.6,1.829864881273757,SC
224.7,1.8645417720361945,SC
224.8,1.8351120499132632,SC
224.9,1.8358399021504124,SC
225.0,1.875313764387108,SC
225.1,1.8698223416375779,SC
225.2,1.8349907410482686,SC
225.3,1.8484347198227107,SC
225.4,1.8434967341069923,SC
225.5,1.897855470822061,SC
225.6,1.8812107873656745,SC
225.7,1.855438929288111,SC
225.8,1.8761486998503376,SC
225.9,1.8382737735794286,SC
226.0,1.8527209557044384,SC
226.1,1.8690511943879655,SC
226.2,1.8767822419181877,SC
226.3,1.8665757683309119,SC
226.4,1.8742761494162634,SC
226.5,1.8716771195330257,SC
226.6,1.8676369144147635,SC
226.7,1.8657871618423507,SC
226.8,1.8639899045967063,SC
226.9,1.8779625756470617,SC
227.0,1.8823522335740215,SC
227.1,1.8789186520792354,SC
227.2,1.8521985029443164,SC
227.3,1.8566142679489865,SC
227.4,1.885396225388366,SC
227.5,1.9076811802116733,SC
227.6,1.8821284862587,SC
227.7,1.871682586685283,SC
227.8,1.885241834115732,SC
227.9,1.8588609357898875,SC
228.0,1.9086218126722347,SC
228.1,1.887023640618937,SC
228.2,1.8707546212672532,SC
228.3,1.881663040269487,SC
228.4,1.8753165618218415,SC
228.5,1.9129521521513702,SC
228.6,1.8835385226406327,SC
228.7,1.8915582931263737,SC
228.8,1.900796219284357,SC
228.9,1.8753801043250828,SC
229.0,1.8949463823196975,SC
229.1,1.8974406472923528,SC
229.2,1.8617530645837879,SC
229.3,1.898774213871936,SC
229.4,1.8936935996018016,SC
229.5,1.8980996128991303,SC
229.6,1.8971071923951854,SC
229.7,1.9024751470473675,SC
229.8,1.924938581363449,SC
229.9,1.9429785049504988,SC
230.0,2.015832250428158,SC
230.1,2.0816383037922246,SC
230.2,2.1146266659714175,SC
230.3,2.1433041858250386,SC
230.4,2.211850691962005,SC
230.5,2.186269759763783,SC
230.6,2.209210057172967,SC
230.7,2.189182528296395,SC
230.8,2.1809556162212056,SC
230.9,2.1973142173689006,SC
231.0,2.2183857811601193,SC
231.1,2.210984394101838,SC
231.2,2.208107850096511,SC
231.3,2.1917335474970767,SC
231.4,2.183550764508432,SC
231.5,2.1816741083206814,SC
231.6,2.1934207878171494,SC
231.7,2.188971642246005,SC
231.8,2.1449505493146312,SC
231.9,2.173039466843144,SC
232.0,2.137383480562087,SC
232.1,2.1523439019902604,SC
232.2,2.1317174470985494,SC
232.3,2.1595380864766915,SC
232.4,2.1126418324601217,SC
232.5,2.11750525686056,SC
232.6,2.1191697084178176,SC
232.7,2.0828593019525394,SC
232.8,2.092393568735365,SC
232.9,2.082254494401071,SC
233.0,2.071276824979413,SC
233.1,2.066962199292294,SC
233.2,2.092439971972017,SC
233.3,2.05291189902746,SC
233.4,2.0711335904205384,SC
233.5,2.0612568261179254,SC
233.6,2.0224183543665686,SC
233.7,2.0563635700876324,SC
233.8,2.0135562732179317,SC
233.9,2.0504532384910417,SC
234.0,2.024024893131116,SC
234.1,2.0308194937524915,SC
234.2,2.0014494938856995,SC
234.3,2.0266584921408453,SC
234.4,2.0398116339652943,SC
234.5,2.002374329988346,SC
234.6,2.003783782096713,SC
234.7,2.0225988125130887,SC
234.8,2.020837222351542,SC
234.9,1.9604524687496252,SC
235.0,2.3562408868121114,SC
235.1,2.577279785534931,SC
235.2,2.78360699409475,SC
235.3,2.929017703933191,SC
235.4,3.0223607274392394,SC
235.5,3.1711553906695036,SC
235.6,3.219687837452121,SC
235.7,3.294229982886566,SC
235.8,3.3137093536458804,SC
235.9,3.342827329320923,SC
236.0,3.3302596706157197,SC
236.1,3.360564537485959,SC
236.2,3.3086582421951634,SC
236.3,3.359663222962779,SC
236.4,3.336332108316042,SC
236.5,3.296666564043036,SC
236.6,3.2585340734604515,SC
236.7,3.19772714321342,SC
236.8,3.187208631673967,SC
236.9,3.125056536304851,SC
237.0,3.058139316478575,SC
237.1,3.0810356741786853,SC
237.2,3.0351796104582114,SC
237.3,2.973756147164528,SC
237.4,2.9120363504354096,SC
237.5,2.887536781644192,SC
237.6,2.8262723051786143,SC
237.7,2.8458639811656465,SC
237.8,2.760088830252121,SC
237.9,2.764080261574667,SC
238.0,2.70870606032976,SC
238.1,2.6653655854694938,SC
238.2,2.6680924087026585,SC
238.3,2.6271922535053123,SC
238.4,2.7463773923864725,SC
238.5,2.7785509377113935,SC
238.6,2.844878131524751,SC
238.7,2.8530540519599086,SC
238.8,2.8849960187447827,SC
238.9,2.981706067115961,SC
239.0,2.9954499900221694,SC
239.1,2.956182255500973,SC
239.2,2.9322310692311,SC
239.3,2.9320742660809898,SC
239.4,3.2079511894453234,SC
239.5,3.3807648095008114,SC
239.6,3.5523160487183505,SC
239.7,3.6664760883849565,SC
239.8,3.737573615272635,SC
239.9,3.7997104877926753,SC
240.0,3.8550599853069474,SC
240.1,3.849959469988901,SC
240.2,3.8833270635793893,SC
240.3,3.8568435332560957,SC
240.4,3.850298632399049,SC
240.5,3.8483701042096916,SC
240.6,3.783409730612434,SC
240.7,3.7658251698711087,SC
240.8,3.668030841622462,SC
240.9,3.6477220610228196,SC
241.0,3.608625095558363,SC
241.1,3.595895535997806,SC
241.2,3.466616484452208,SC
241.3,3.4518190493347625,SC
241.4,3.4307711205207863,SC
241.5,3.3341482887325444,SC
241.6,3.2944077984913354,SC
241.7,3.2549527053722462,SC
241.8,3.202685564942542,SC
241.9,3.1821596383052597,SC
242.0,3.1129477151841565,SC
242.1,3.0850383763650138,SC
242.2,3.007219690715934,SC
242.3,2.9570200288550086,SC
242.4,2.9262251192957636,SC
242.5,2.867975504362559,SC
242.6,2.8627536302343923,SC
242.7,2.808788813105896,SC
242.8,2.7679721738310845,SC
242.9,2.7577363866171933,SC
243.0,2.692667872874937,SC
243.1,2.7001209254508054,SC
243.2,2.64566549519264,SC
243.3,2.650248855401959,SC
243.4,2.592319196979829,SC
243.5,2.587149435904856,SC
243.6,2.553627369384128,SC
243.7,2.541583702839727,SC
243.8,2.5066759747327247,SC
243.9,2.4500398003117705,SC
244.0,2.4833317459761193,SC
244.1,2.442226569215089,SC
244.2,2.441530812595541,SC
244.3,2.4222022623789456,SC
244.4,2.3764465562183417,SC
244.5,2.3579529014470655,SC
244.6,2.374477435565099,SC
244.7,2.341177304947777,SC
244.8,2.3525596924837284,SC
244.9,2.2928792433468415,SC
245.0,2.3060407594495986,SC
245.1,2.2837328131738097,SC
245.2,2.2712593606426466,SC
245.3,2.248766897457345,SC
245.4,2.2521332106059826,SC
245.5,2.263046663738082,SC
245.6,2.230255764207379,SC
245.7,2.2345385717728194,SC
245.8,2.217821778522178,SC
245.9,2.212751452903385,SC
246.0,2.238459347424513,SC
246.1,2.2221069405816767,SC
246.2,2.194074341732402,SC
246.3,2.191506019119198,SC
246.4,2.168211703191169,SC
246.5,2.1741088195031786,SC
246.6,2.179348433202205,SC
246.7,2.1860248381579535,SC
246.8,2.180096323448576,SC
246.9,2.1392612920159433,SC
247.0,2.177544466432285,SC
247.1,2.1530005301260897,SC
247.2,2.1320098195016426,SC
247.3,2.1756435256429274,SC
247.4,2.1755306972079693,SC
247.5,2.1490634550939522,SC
247.6,2.155653335579136,SC
247.7,2.1546727925635976,SC
247.8,2.165235229674222,SC
247.9,2.1500193770318456,SC
248.0,2.1071776651562084,SC
248.1,2.172329514434306,SC
248.2,2.151970552652372,SC
248.3,2.1091962848542254,SC
248.4,2.0980279301739797,SC
248.5,2.128031578703439,SC
248.6,2.1117621152147485,SC
248.7,2.123392464510546,SC
248.8,2.131195466601834,SC
248.9,2.1045992688454573,SC
249.0,2.0932693713760804,SC
249.1,2.1230307779131685,SC
249.2,2.1044259402250804,SC
249.3,2.0965078785667624,SC
249.4,2.0676436242345653,SC
249.5,2.0903880975624287,SC
249.6,2.110649772641143,SC
249.7,2.109385726237634,SC
249.8,2.082413591305563,SC
249.9,2.0757264463001204,SC
250.0,2.1003152737950357,SC
250.1,2.1121261807033918,SC
250.2,2.1099117859539254,SC
250.3,2.092465053524408,SC
250.4,2.109561890724358,SC
250.5,2.1345468223687094,SC
250.6,2.109494052845516,SC
250.7,2.073616757187244,SC
250.8,2.1112293657578123,SC
250.9,2.1489272035197833,SC
251.0,2.083179990740694,SC
251.1,2.1103990568362065,SC
251.2,2.1061516011880257,SC
251.3,2.1134666809814395,SC
251.4,2.116301718633501,SC
251.5,2.136080687106225,SC
251.6,2.1158383792649023,SC
251.7,2.1405462415528964,SC
251.8,2.113503121292806,SC
251.9,2.1097055067917307,SC
252.0,2.1041733907977225,SC
252.1,2.0820608951774404,SC
252.2,2.12476060323164,SC
252.3,2.1611640508346137,SC
252.4,2.130084532518192,SC
252.5,2.1354872328849774,SC
252.6,2.1143207842303062,SC
252.7,2.118520507202676,SC
252.8,2.1439223858223273,SC
252.9,2.1652224040729373,SC
253.0,2.155623036925904,SC
253.1,2.14278106712007,SC
253.2,2.128187809537548,SC
253.3,2.132484304599178,SC
253.4,2.2140153250128876,SC
253.5,2.2827259627654413,SC
253.6,2.356224551740298,SC
253.7,2.433588573274137,SC
253.8,2.4693227628904277,SC
253.9,2.4987453985119354,SC
254.0,2.5686368806763813,SC
254.1,2.594334075180406,SC
254.2,2.600177978729127,SC
254.3,2.6321031444579304,SC
254.4,2.6430386164192834,SC
254.5,2.642133267725982,SC
254.6,2.6739038149442065,SC
254.7,2.614831044257879,SC
254.8,2.6079201997859753,SC
254.9,2.6402018561752127,SC
255.0,2.632758496735325,SC
255.1,2.6282001703385376,SC
255.2,2.5975191588839874,SC
255.3,2.577298990676307,SC
255.4,2.5822766835785655,SC
255.5,2.5599576813639544,SC
255.6,2.5859401413479213,SC
255.7,2.534462401444863,SC
255.8,2.5259226287725687,SC
255.9,2.562637805586486,SC
256.0,2.4955567079718395,SC
256.1,2.4971380511898724,SC
256.2,2.485793487434856,SC
256.3,2.4746754746033908,SC
256.4,2.4533745738681607,SC
256.5,2.4393782397045,SC
256.6,2.4258195331398067,SC
256.7,2.4010095075811004,SC
256.8,2.4081672364352373,SC
256.9,2.431770290517658,SC
257.0,2.4053635852618864,SC
257.1,2.4457872647634917,SC
257.2,2.503382737465403,SC
257.3,2.505244443405631,SC
257.4,2.545139760680581,SC
257.5,2.5897281069108136,SC
257.6,2.6147860028049723,SC
257.7,2.5787366479879603,SC
257.8,2.5892825463775666,SC
257.9,2.643799459336172,SC
258.0,2.600355842112107,SC
258.1,2.6307310988755375,SC
258.2,2.5922644773572365,SC
258.3,2.5853331320744926,SC
258.4,2.565331214944546,SC
258.5,2.980864325990879,SC
258.6,3.3061587284082035,SC
258.7,3.5125621810213525,SC
258.8,3.727096605698323,SC
258.9,3.908015763395328,SC
259.0,4.004318121371136,SC
259.1,4.081835379886409,SC
259.2,4.169422493678579,SC
259.3,4.205975538181326,SC
259.4,4.190520945245073,SC
259.5,4.203546804235049,SC
259.6,4.161873281527456,SC
259.7,4.144210487745124,SC
259.8,4.132043564262201,SC
259.9,4.0907203658775115,SC
260.0,4.025849039666291,SC
260.1,3.981771655905807,SC
260.2,3.9225612320545626,SC
260.3,3.898491943190475,SC
260.4,3.794073662823621,SC
260.5,3.7563653181924543,SC
260.6,3.68216630028133,SC
260.7,3.670725230739613,SC
260.8,3.5696581457606684,SC
260.9,3.5504550579958245,SC
261.0,3.5276936807104273,SC
261.1,3.474617430081665,SC
261.2,3.3525862117619747,SC
261.3,3.343651104242043,SC
261.4,3.268388775051338,SC
261.5,3.2163567964669455,SC
261.6,3.191606148914271,SC
261.7,3.1737235653342393,SC
261.8,3.118066371882358,SC
261.9,3.0503142981575913,SC
262.0,3.038875633959229,SC
262.1,2.9416500247795128,SC
262.2,2.934776980735592,SC
262.3,2.898198202732788,SC
262.4,2.8825729919416907,SC
262.5,2.844729905247857,SC
262.6,2.8151429638836003,SC
262.7,2.7850250768861646,SC
262.8,2.7608299791907975,SC
262.9,2.7443157027504563,SC
263.0,2.710853298265923,SC
263.1,2.6777092358748376,SC
263.2,2.668090946164138,SC
263.3,2.6463363516794356,SC
263.4,2.597867974592905,SC
263.5,2.587953240084411,SC
263.6,2.593469072574401,SC
263.7,2.5301620069910076,SC
263.8,2.569560903049872,SC
263.9,2.4904252393623083,SC
264.0,2.494822071854642,SC
264.1,2.4679910945716133,SC
264.2,2.516729706940042,SC
264.3,2.449558690135279,SC
264.4,2.436910411711358,SC
264.5,2.427430835569198,SC
264.6,2.425264703062606,SC
264.7,2.405851330139109,SC
264.8,2.399364213639353,SC
264.9,2.32154851220539,SC
265.0,2.383871454806047,SC
265.1,2.374141590738425,SC
265.2,2.3860535805221583,SC
265.3,2.3833785968177716,SC
265.4,2.3457566499562414,SC
265.5,2.3585278352330303,SC
265.6,2.3132249588109306,SC
265.7,2.3439993749603727,SC
265.8,2.310925603807111,SC
265.9,2.292714222219057,SC
266.0,2.30702471618894,SC
266.1,2.3333550417824798,SC
266.2,2.3038417914466076,SC
266.3,2.325281367617135,SC
266.4,2.275748184220711,SC
266.5,2.307280472746933,SC
266.6,2.2690988766346765,SC
266.7,2.282674470310259,SC
266.8,2.278724261109584,SC
266.9,2.284030223752039,SC
267.0,2.2669556268054567,SC
267.1,2.2441791036374346,SC
267.2,2.2737383443745407,SC
267.3,2.2880747529839263,SC
267.4,2.239207904871052,SC
267.5,2.21174789298279,SC
267.6,2.2561272933535848,SC
267.7,2.2373193745460376,SC
267.8,2.2392309200815212,SC
267.9,2.250988923433351,SC
268.0,2.228847056445311,SC
268.1,2.2307995516722605,SC
268.2,2.2324632821603925,SC
268.3,2.2622327046656663,SC
268.4,2.1998999639321726,SC
268.5,2.1746699951303263,SC
268.6,2.1755453258220694,SC
268.7,2.2023214542003133,SC
268.8,2.1770167856718348,SC
268.9,2.1684222935843223,SC
269.0,2.2124366267695947,SC
269.1,2.213467943049767,SC
269.2,2.1924618353418945,SC
269.3,2.2057388645787652,SC
269.4,2.2036637449570566,SC
269.5,2.211979852714493,SC
269.6,2.2120511347737652,SC
269.7,2.1478595547457875,SC
269.8,2.1951790547034546,SC
269.9,2.2103553422130484,SC
270.0,2.1917908681792198,SC
270.1,2.200721311234682,SC
270.2,2.215003033506664,SC
270.3,2.201593831161375,SC
270.4,2.230114525039667,SC
270.5,2.222471190040734,SC
270.6,2.197530029013718,SC
270.7,2.1959047553412354,SC
270.8,2.1428180839157447,SC
270.9,2.1932479310545836,SC
271.0,2.1726605290967043,SC
271.1,2.204092954162818,SC
271.2,2.2026627599080544,SC
271.3,2.2134539708876564,SC
271.4,2.227396304883855,SC
271.5,2.198858078153186,SC
271.6,2.244906898088365,SC
271.7,2.203857241986552,SC
271.8,2.1729080650462835,SC
271.9,2.4240403126112335,SC
272.0,2.621014819104853,SC
272.1,2.796801975710619,SC
272.2,2.891225003517569,SC
272.3,3.002813666564023,SC
272.4,3.0815731904293817,SC
272.5,3.132735627608293,SC
272.6,3.19869545344836,SC
272.7,3.2224912574557574,SC
272.8,3.24882439942652,SC
272.9,3.225220841252552,SC
273.0,3.2543798551485468,SC
273.1,3.212632605008154,SC
273.2,3.2132439420475967,SC
273.3,3.21082944163714,SC
273.4,3.2236432927081897,SC
273.5,3.231200269321831,SC
273.6,3.1750646370712485,SC
273.7,3.1545732512941633,SC
273.8,3.134496698457195,SC
273.9,3.123257399732256,SC
274.0,3.073981823954498,SC
274.1,3.0437496839352884,SC
274.2,2.9978797365483545,SC
274.3,2.9834889070190083,SC
274.4,2.9886068116073794,SC
274.5,2.937200591978531,SC
274.6,2.8912565222118047,SC
274.7,2.9019220864426525,SC
274.8,2.837216205752296,SC
274.9,2.8496965557763323,SC
275.0,2.822463950427138,SC
275.1,2.7693699944137715,SC
275.2,2.712933401216394,SC
275.3,2.7641677972800456,SC
275.4,2.702428324915305,SC
275.5,2.66534688194384,SC
275.6,2.6689246003545204,SC
275.7,2.6426546721525916,SC
275.8,2.6344523811961524,SC
275.9,2.575415884637878,SC
276.0,2.5762488043689493,SC
276.1,2.5281465688103597,SC
276.2,2.547922648094583,SC
276.3,2.5175943596134305,SC
276.4,2.5078331724635228,SC
276.5,2.4841246457215655,SC
276.6,2.467525646917903,SC
276.7,2.441305800828886,SC
276.8,2.461211399435138,SC
276.9,2.462512976625435,SC
277.0,2.4094620445783264,SC
277.1,2.4200802576052527,SC
277.2,2.4065822751096397,SC
277.3,2.38752298625773,SC
277.4,2.346723566343775,SC
277.5,2.34156939122136,SC
277.6,2.342759000014269,SC
277.7,2.3067879957332984,SC
277.8,2.369311690584584,SC
277.9,2.3404637247721563,SC
278.0,2.324827362565816,SC
278.1,2.2742805406982014,SC
278.2,2.2745923353617505,SC
278.3,2.3043179617442995,SC
278.4,2.337365521192932,SC
278.5,2.277855637175372,SC
278.6,2.3032457195849254,SC
278.7,2.27076854308382,SC
278.8,2.2761115207418174,SC
278.9,2.294172132703703,SC
279.0,2.258051508189003,SC
279.1,2.2464701879201563,SC
279.2,2.28413488508592,SC
279.3,2.2523755114879784,SC
279.4,2.2691597309850793,SC
279.5,2.229673449428092,SC
279.6,2.2677177777292292,SC
279.7,2.2414177132358475,SC
279.8,2.241149120944746,SC
279.9,2.2317341626288534,SC
280.0,2.215773319242331,SC
280.1,2.222756797858534,SC
280.2,2.2109663515838878,SC
280.3,2.236150823254842,SC
280.4,2.210148812175372,SC
280.5,2.181632711793636,SC
280.6,2.1754249315874885,SC
280.7,2.1720222942524585,SC
280.8,2.216547315048762,SC
280.9,2.178872565770117,SC
281.0,2.205698363764648,SC
281.1,2.2002973201823375,SC
281.2,2.194212162820169,SC
281.3,2.2022825924047504,SC
281.4,2.1947528654268824,SC
281.5,2.1355253329700714,SC
281.6,2.181438218961934,SC
281.7,2.194658235463731,SC
281.8,2.1983876678898753,SC
281.9,2.1985776915382957,SC
282.0,2.1368536733413803,SC
282.1,2.1563916607838536,SC
282.2,2.13133442864167,SC
282.3,2.192325809476829,SC
282.4,2.181457203074666,SC
282.5,2.1674841708540957,SC
282.6,2.1630667950415576,SC
282.7,2.186629953518975,SC
282.8,2.1825160273408684,SC
282.9,2.180722187022293,SC
283.0,2.1645627894870394,SC
283.1,2.147783475955018,SC
283.2,2.1694451451955095,SC
283.3,2.169753868468162,SC
283.4,2.1489464563350893,SC
283.5,2.145056214743321,SC
283.6,2.1740652765215156,SC
283.7,2.18399500063572,SC
283.8,2.1350342983077963,SC
283.9,2.144060102948119,SC
284.0,2.155647626624573,SC
284.1,2.157658198950694,SC
284.2,2.136772090239121,SC
284.3,2.184178992364357,SC
284.4,2.154235630795186,SC
284.5,2.1557025423718685,SC
284.6,2.179529727249907,SC
284.7,2.134644027047746,SC
284.8,2.141125898397715,SC
284.9,2.117093450194166,SC
285.0,2.1379743467922383,SC
285.1,2.1109003900833936,SC
285.2,2.1548896551865364,SC
285.3,2.1475824943198627,SC
285.4,2.1328872486333106,SC
285.5,2.135662440982394,SC
285.6,2.1521387494895174,SC
285.7,2.113428252053986,SC
285.8,2.139458551285583,SC
285.9,2.1485926988311297,SC
286.0,2.098180639723627,SC
286.1,2.1467448310449124,SC
286.2,2.0987811237994993,SC
286.3,2.1291231594817885,SC
286.4,2.107416298716117,SC
286.5,2.158514541251837,SC
286.6,2.1059491164617428,SC
286.7,2.095286128474524,SC
286.8,2.130151840781664,SC
286.9,2.118402114925094,SC
287.0,2.095771973636689,SC
287.1,2.135564835250238,SC
287.2,2.0843995748066684,SC
287.3,2.219381403323916,SC
287.4,2.3232484387648853,SC
287.5,2.427317090630568,SC
287.6,2.498251790548863,SC
287.7,2.5423252748749046,SC
287.8,2.5539768482697514,SC
287.9,2.535826098263201,SC
288.0,2.728000691289897,SC
288.1,2.8575210711091077,SC
288.2,2.9370103179080242,SC
288.3,2.985721626637445,SC
288.4,2.9998064963831315,SC
288.5,3.04589876124811,SC
288.6,3.115857564608176,SC
288.7,3.147109690774011,SC
288.8,3.226452585145848,SC
288.9,3.321703165785451,SC
289.0,3.330395751286589,SC
289.1,3.337063905469367,SC
289.2,3.4008457813543536,SC
289.3,3.37905470000517,SC
289.4,3.35346239187734,SC
289.5,3.3226685549554866,SC
289.6,3.3655221502813544,SC
289.7,3.2986733445996888,SC
289.8,3.2982264267042747,SC
289.9,3.2565891418994326,SC
290.0,3.1947229907602113,SC
290.1,3.159859258128632,SC
290.2,3.1630488663667546,SC
290.3,3.126802754394966,SC
290.4,3.0232011229924565,SC
290.5,3.0349544800458674,SC
290.6,2.9850131171602268,SC
290.7,2.9306938436551864,SC
290.8,2.92111233680426,SC
290.9,2.854116505161474,SC
291.0,2.8378183386717954,SC
291.1,2.7980972594400457,SC
291.2,2.771924376438423,SC
291.3,2.7493166446518225,SC
291.4,2.700258750315634,SC
291.5,2.7228697712671712,SC
291.6,2.6731254771005055,SC
291.7,2.6720199434750094,SC
291.8,2.6068027323069027,SC
291.9,2.5738974280068416,SC
292.0,2.5958860650194135,SC
292.1,2.5259558422302355,SC
292.2,2.520613489157149,SC
292.3,2.524523937838772,SC
292.4,2.470804206929317,SC
292.5,2.4948894601896083,SC
292.6,2.4772525845865174,SC
292.7,2.475834780000956,SC
292.8,2.4531544147386795,SC
292.9,2.446384842637626,SC
293.0,2.403403425439926,SC
293.1,2.3738349595178208,SC
293.2,2.419058277603375,SC
293.3,2.3324227530365884,SC
293.4,2.3208784503175512,SC
293.5,2.347536451675635,SC
293.6,2.355945310797248,SC
293.7,2.3148433485605757,SC
293.8,2.3190446465201227,SC
293.9,2.247549332098984,SC
294.0,2.446476410160046,SC
294.1,2.5556087330410855,SC
294.2,2.7177207341186205,SC
294.3,2.756722842095326,SC
294.4,2.8277505805923266,SC
294.5,2.912371743520549,SC
294.6,2.957889715280733,SC
294.7,2.9560769941425638,SC
294.8,2.9832481366238888,SC
294.9,2.9868420717263575,SC
295.0,2.9691023766543974,SC
295.1,2.9431482207544497,SC
295.2,2.9633245124905776,SC
295.3,2.9475186916015788,SC
295.4,2.933373673568078,SC
295.5,2.899623838366522,SC
295.6,2.846103175549161,SC
295.7,2.858035884242908,SC
295.8,3.1227383920404255,SC
295.9,3.3356061724877843,SC
296.0,3.514199515854048,SC
296.1,3.640673104314076,SC
296.2,3.7724106380266944,SC
296.3,3.797543437575814,SC
296.4,3.853021059849739,SC
296.5,3.8929614960170955,SC
296.6,3.941506884993161,SC
296.7,3.9259646086875173,SC
296.8,3.856146935572261,SC
296.9,3.8906376061016084,SC
297.0,3.8576213044500287,SC
297.1,3.7680949293623156,SC
297.2,3.6880002847989344,SC
297.3,3.6899618090397603,SC
297.4,3.6640984551564766,SC
297.5,3.6217814455425192,SC
297.6,3.5195770275766893,SC
297.7,3.5183612264832558,SC
297.8,3.384847805700838,SC
297.9,3.358971658359389,SC
298.0,3.3051292994130907,SC
298.1,3.2843574887211995,SC
298.2,3.2360201069609182,SC
298.3,3.1789549357016504,SC
298.4,3.0838797226870893,SC
298.5,3.080467232532341,SC
298.6,3.0201049644838767,SC
298.7,2.9319723780348146,SC
298.8,2.8809767268432926,SC
298.9,2.9014627940403512,SC
299.0,2.8369593038193264,SC
299.1,2.776183771147294,SC
299.2,2.7605047551543884,SC
299.3,2.736164141228166,SC
299.4,2.6928497096147987,SC
299.5,2.6304680809901604,SC
299.6,2.6675634776707406,SC
299.7,2.619587782132098,SC
299.8,2.5637145851311507,SC
299.9,2.5366662623098284,SC
