time,driver
0.0,-0.0
0.1,0.0
0.2,0.0
0.3,-0.0
0.4,-0.0
0.5,-0.0
0.6,-0.0
0.7,-0.0
0.8,-0.0
0.9,-0.0
1.0,-0.0
1.1,-0.0
1.2,-0.0
1.3,-0.0
1.4,-0.0
1.5,-0.0
1.6,-0.0
1.7,-0.0
1.8,-0.0
1.9,-0.0
2.0,0.0
2.1,0.0
2.2,0.0
2.3,0.0
2.4,0.0
2.5,0.0
2.6,0.0
2.7,0.0
2.8,0.0
2.9,0.0
3.0,0.0
3.1,0.0
3.2,0.0
3.3,0.0
3.4,0.0
3.5,0.0
3.6,0.0
3.7,0.0
3.8,0.0
3.9,0.0
4.0,0.0
4.1,0.0
4.2,0.0
4.3,0.0
4.4,0.0
4.5,0.0
4.6,0.0
4.7,0.0
4.8,0.0
4.9,0.0
5.0,0.0
5.1,0.0
5.2,0.0
5.3,0.0
5.4,0.0
5.5,0.0
5.6,0.0
5.7,0.0
5.8,0.0
5.9,0.0
6.0,0.0
6.1,0.0
6.2,0.0
6.3,0.0
6.4,0.0
6.5,0.0
6.6,0.0
6.7,0.0
6.8,0.0
6.9,0.0
7.0,0.0
7.1,0.0
7.2,0.0
7.3,0.0
7.4,0.0
7.5,0.0
7.6,0.0
7.7,0.0
7.8,0.0
7.9,0.0
8.0,0.0
8.1,0.0
8.2,0.0
8.3,0.0
8.4,0.0
8.5,0.0
8.6,0.0
8.7,0.0
8.8,0.0
8.9,0.0
9.0,0.0
9.1,0.0
9.2,0.0
9.3,0.0
9.4,0.0
9.5,0.0
9.6,0.0
9.7,0.0
9.8,0.0
9.9,0.0
10.0,0.0
10.1,0.0
10.2,0.0
10.3,0.0
10.4,0.0
10.5,0.0
10.6,0.0
10.7,0.0
10.8,0.0
10.9,0.0
11.0,0.0
11.1,0.0
11.2,0.0
11.3,0.0
11.4,0.0
11.5,0.0
11.6,0.0
11.7,0.0
11.8,0.0
11.9,0.0
12.0,0.0
12.1,0.0
12.2,0.0
12.3,0.0
12.4,0.0
12.5,0.0
12.6,0.0
12.7,0.0
12.8,168.81267832510537
12.9,268.0949696297974
13.0,0.0
13.1,0.0
13.2,0.0
13.3,0.0
13.4,0.0
13.5,0.0
13.6,0.0
13.7,0.0
13.8,0.0
13.9,0.0
14.0,0.0
14.1,0.0
14.2,0.0
14.3,0.0
14.4,0.0
14.5,0.0
14.6,0.0
14.7,0.0
14.8,0.0
14.9,0.0
15.0,0.0
15.1,0.0
15.2,0.0
15.3,0.0
15.4,0.0
15.5,0.0
15.6,0.0
15.7,0.0
15.8,0.0
15.9,0.0
16.0,0.0
16.1,0.0
16.2,0.0
16.3,0.0
16.4,0.0
16.5,0.0
16.6,0.0
16.7,0.0
16.8,0.0
16.9,0.0
17.0,0.0
17.1,0.0
17.2,0.0
17.3,0.0
17.4,0.0
17.5,0.0
17.6,0.0
17.7,0.0
17.8,0.0
17.9,0.0
18.0,0.0
18.1,0.0
18.2,0.0
18.3,0.0
18.4,0.0
18.5,0.0
18.6,0.0
18.7,0.0
18.8,0.0
18.9,0.0
19.0,0.0
19.1,0.0
19.2,0.0
19.3,0.0
19.4,0.0
19.5,0.0
19.6,0.0
19.7,0.0
19.8,0.0
19.9,0.0
20.0,0.0
20.1,0.0
20.2,0.0
20.3,0.0
20.4,0.0
20.5,0.0
20.6,0.0
20.7,0.0
20.8,0.0
20.9,0.0
21.0,0.0
21.1,0.0
21.2,0.0
21.3,0.0
21.4,0.0
21.5,0.0
21.6,0.0
21.7,0.0
21.8,0.0
21.9,0.0
22.0,0.0
22.1,0.0
22.2,0.0
22.3,0.0
22.4,0.0
22.5,0.0
22.6,0.0
22.7,0.0
22.8,0.0
22.9,0.0
23.0,0.0
23.1,0.0
23.2,0.0
23.3,0.0
23.4,0.0
23.5,0.0
23.6,0.0
23.7,0.0
23.8,0.0
23.9,0.0
24.0,0.0
24.1,0.0
24.2,0.0
24.3,0.0
24.4,0.0
24.5,0.0
24.6,0.0
24.7,0.0
24.8,0.0
24.9,0.0
25.0,0.0
25.1,0.0
25.2,0.0
25.3,0.0
25.4,0.0
25.5,0.0
25.6,0.0
25.7,0.0
25.8,0.0
25.9,0.0
26.0,0.0
26.1,0.0
26.2,0.0
26.3,0.0
26.4,0.0
26.5,0.0
26.6,0.0
26.7,0.0
26.8,0.0
26.9,0.0
27.0,0.0
27.1,0.0
27.2,0.0
27.3,0.0
27.4,0.0
27.5,0.0
27.6,0.0
27.7,0.0
27.8,0.0
27.9,0.0
28.0,0.0
28.1,0.0
28.2,0.0
28.3,0.0
28.4,0.0
28.5,0.0
28.6,0.0
28.7,0.0
28.8,0.0
28.9,0.0
29.0,0.0
29.1,0.0
29.2,0.0
29.3,0.0
29.4,0.0
29.5,0.0
29.6,0.0
29.7,0.0
29.8,0.0
29.9,0.0
30.0,0.0
30.1,0.0
30.2,0.0
30.3,0.0
30.4,0.0
30.5,0.0
30.6,0.0
30.7,0.0
30.8,0.0
30.9,0.0
31.0,0.0
31.1,0.0
31.2,0.0
31.3,0.0
31.4,0.0
31.5,0.0
31.6,0.0
31.7,0.0
31.8,0.0
31.9,0.0
32.0,0.0
32.1,0.0
32.2,0.0
32.3,0.0
32.4,146.9017447055602
32.5,2669.1960550129525
32.6,3550.6027809753336
32.7,0.0
32.8,0.0
32.9,0.0
33.0,0.0
33.1,0.0
33.2,0.0
33.3,0.0
33.4,0.0
33.5,0.0
33.6,0.0
33.7,0.0
33.8,0.0
33.9,0.0
34.0,0.0
34.1,0.0
34.2,0.0
34.3,0.0
34.4,0.0
34.5,0.0
34.6,0.0
34.7,0.0
34.8,0.0
34.9,0.0
35.0,0.0
35.1,0.0
35.2,0.0
35.3,0.0
35.4,0.0
35.5,0.0
35.6,0.0
35.7,0.0
35.8,0.0
35.9,0.0
36.0,0.0
36.1,0.0
36.2,0.0
36.3,0.0
36.4,0.0
36.5,0.0
36.6,0.0
36.7,0.0
36.8,0.0
36.9,0.0
37.0,0.0
37.1,0.0
37.2,0.0
37.3,0.0
37.4,0.0
37.5,0.0
37.6,0.0
37.7,0.0
37.8,0.0
37.9,0.0
38.0,0.0
38.1,0.0
38.2,0.0
38.3,0.0
38.4,0.0
38.5,0.0
38.6,0.0
38.7,0.0
38.8,0.0
38.9,0.0
39.0,0.0
39.1,0.0
39.2,0.0
39.3,0.0
39.4,0.0
39.5,0.0
39.6,0.0
39.7,0.0
39.8,0.0
39.9,0.0
40.0,0.0
40.1,0.0
40.2,0.0
40.3,0.0
40.4,0.0
40.5,0.0
40.6,0.0
40.7,0.0
40.8,0.0
40.9,0.0
41.0,0.0
41.1,0.0
41.2,0.0
41.3,0.0
41.4,0.0
41.5,0.0
41.6,0.0
41.7,0.0
41.8,0.0
41.9,0.0
42.0,0.0
42.1,0.0
42.2,0.0
42.3,0.0
42.4,0.0
42.5,0.0
42.6,0.0
42.7,0.0
42.8,0.0
42.9,0.0
43.0,0.0
43.1,0.0
43.2,0.0
43.3,0.0
43.4,0.0
43.5,0.0
43.6,0.0
43.7,0.0
43.8,0.0
43.9,0.0
44.0,0.0
44.1,0.0
44.2,0.0
44.3,0.0
44.4,0.0
44.5,0.0
44.6,0.0
44.7,0.0
44.8,0.0
44.9,0.0
45.0,0.0
45.1,0.0
45.2,0.0
45.3,0.0
45.4,0.0
45.5,0.0
45.6,0.0
45.7,0.0
45.8,0.0
45.9,0.0
46.0,0.0
46.1,0.0
46.2,0.0
46.3,0.0
46.4,0.0
46.5,0.0
46.6,0.0
46.7,0.0
46.8,0.0
46.9,0.0
47.0,0.0
47.1,0.0
47.2,0.0
47.3,0.0
47.4,0.0
47.5,0.0
47.6,0.0
47.7,0.0
47.8,0.0
47.9,0.0
48.0,0.0
48.1,0.0
48.2,0.0
48.3,0.0
48.4,0.0
48.5,0.0
48.6,0.0
48.7,0.0
48.8,0.0
48.9,0.0
49.0,0.0
49.1,0.0
49.2,0.0
49.3,0.0
49.4,0.0
49.5,0.0
49.6,0.0
49.7,0.0
49.8,0.0
49.9,0.0
50.0,0.0
50.1,0.0
50.2,0.0
50.3,0.0
50.4,0.0
50.5,0.0
50.6,0.0
50.7,0.0
50.8,0.0
50.9,0.0
51.0,0.0
51.1,0.0
51.2,0.0
51.3,0.0
51.4,0.0
51.5,0.0
51.6,0.0
51.7,0.0
51.8,0.0
51.9,0.0
52.0,0.0
52.1,0.0
52.2,0.0
52.3,0.0
52.4,1281.692473994815
52.5,3896.3141086309533
52.6,2652.2755531955036
52.7,0.0
52.8,0.0
52.9,0.0
53.0,0.0
53.1,0.0
53.2,0.0
53.3,0.0
53.4,0.0
53.5,0.0
53.6,0.0
53.7,0.0
53.8,0.0
53.9,0.0
54.0,0.0
54.1,0.0
54.2,0.0
54.3,0.0
54.4,0.0
54.5,0.0
54.6,0.0
54.7,0.0
54.8,0.0
54.9,0.0
55.0,0.0
55.1,0.0
55.2,0.0
55.3,0.0
55.4,0.0
55.5,0.0
55.6,0.0
55.7,0.0
55.8,0.0
55.9,0.0
56.0,0.0
56.1,0.0
56.2,0.0
56.3,0.0
56.4,0.0
56.5,0.0
56.6,0.0
56.7,0.0
56.8,0.0
56.9,0.0
57.0,0.0
57.1,0.0
57.2,0.0
57.3,0.0
57.4,0.0
57.5,0.0
57.6,0.0
57.7,0.0
57.8,0.0
57.9,0.0
58.0,0.0
58.1,0.0
58.2,0.0
58.3,0.0
58.4,0.0
58.5,0.0
58.6,0.0
58.7,0.0
58.8,0.0
58.9,0.0
59.0,0.0
59.1,0.0
59.2,0.0
59.3,0.0
59.4,0.0
59.5,0.0
59.6,0.0
59.7,0.0
59.8,0.0
59.9,0.0
60.0,0.0
60.1,0.0
60.2,0.0
60.3,0.0
60.4,0.0
60.5,0.0
60.6,0.0
60.7,0.0
60.8,0.0
60.9,0.0
61.0,0.0
61.1,0.0
61.2,0.0
61.3,0.0
61.4,0.0
61.5,0.0
61.6,0.0
61.7,0.0
61.8,0.0
61.9,0.0
62.0,0.0
62.1,0.0
62.2,0.0
62.3,0.0
62.4,0.0
62.5,0.0
62.6,0.0
62.7,0.0
62.8,0.0
62.9,0.0
63.0,0.0
63.1,0.0
63.2,0.0
63.3,0.0
63.4,0.0
63.5,0.0
63.6,0.0
63.7,0.0
63.8,0.0
63.9,0.0
64.0,0.0
64.1,0.0
64.2,0.0
64.3,0.0
64.4,0.0
64.5,0.0
64.6,0.0
64.7,0.0
64.8,0.0
64.9,0.0
65.0,0.0
65.1,0.0
65.2,0.0
65.3,0.0
65.4,0.0
65.5,0.0
65.6,0.0
65.7,0.0
65.8,0.0
65.9,0.0
66.0,0.0
66.1,0.0
66.2,0.0
66.3,0.0
66.4,0.0
66.5,0.0
66.6,0.0
66.7,0.0
66.8,0.0
66.9,0.0
67.0,0.0
67.1,0.0
67.2,0.0
67.3,0.0
67.4,0.0
67.5,0.0
67.6,0.0
67.7,0.0
67.8,0.0
67.9,0.0
68.0,0.0
68.1,0.0
68.2,0.0
68.3,0.0
68.4,0.0
68.5,0.0
68.6,0.0
68.7,0.0
68.8,0.0
68.9,0.0
69.0,0.0
69.1,0.0
69.2,0.0
69.3,0.0
69.4,0.0
69.5,0.0
69.6,0.0
69.7,0.0
69.8,0.0
69.9,0.0
70.0,0.0
70.1,0.0
70.2,0.0
70.3,0.0
70.4,0.0
70.5,0.0
70.6,0.0
70.7,0.0
70.8,0.0
70.9,0.0
71.0,0.0
71.1,0.0
71.2,0.0
71.3,0.0
71.4,0.0
71.5,0.0
71.6,0.0
71.7,0.0
71.8,0.0
71.9,0.0
72.0,0.0
72.1,0.0
72.2,0.0
72.3,0.0
72.4,0.0
72.5,0.0
72.6,0.0
72.7,0.0
72.8,0.0
72.9,0.0
73.0,-0.0
73.1,538.4697870395297
73.2,631.5501787482389
73.3,0.0
73.4,0.0
73.5,0.0
73.6,0.0
73.7,0.0
73.8,0.0
73.9,0.0
74.0,0.0
74.1,0.0
74.2,0.0
74.3,0.0
74.4,0.0
74.5,0.0
74.6,0.0
74.7,0.0
74.8,0.0
74.9,0.0
75.0,0.0
75.1,0.0
75.2,0.0
75.3,0.0
75.4,0.0
75.5,0.0
75.6,0.0
75.7,0.0
75.8,0.0
75.9,0.0
76.0,0.0
76.1,0.0
76.2,0.0
76.3,0.0
76.4,0.0
76.5,0.0
76.6,0.0
76.7,0.0
76.8,0.0
76.9,0.0
77.0,0.0
77.1,0.0
77.2,0.0
77.3,0.0
77.4,0.0
77.5,0.0
77.6,0.0
77.7,0.0
77.8,0.0
77.9,0.0
78.0,0.0
78.1,0.0
78.2,0.0
78.3,0.0
78.4,0.0
78.5,0.0
78.6,0.0
78.7,0.0
78.8,0.0
78.9,0.0
79.0,0.0
79.1,0.0
79.2,0.0
79.3,0.0
79.4,0.0
79.5,0.0
79.6,0.0
79.7,0.0
79.8,0.0
79.9,0.0
80.0,0.0
80.1,0.0
80.2,0.0
80.3,0.0
80.4,0.0
80.5,0.0
80.6,0.0
80.7,0.0
80.8,0.0
80.9,0.0
81.0,0.0
81.1,0.0
81.2,0.0
81.3,0.0
81.4,0.0
81.5,0.0
81.6,0.0
81.7,0.0
81.8,0.0
81.9,0.0
82.0,0.0
82.1,0.0
82.2,0.0
82.3,0.0
82.4,0.0
82.5,0.0
82.6,0.0
82.7,0.0
82.8,0.0
82.9,0.0
83.0,0.0
83.1,0.0
83.2,0.0
83.3,0.0
83.4,0.0
83.5,0.0
83.6,0.0
83.7,0.0
83.8,0.0
83.9,0.0
84.0,0.0
84.1,0.0
84.2,0.0
84.3,0.0
84.4,0.0
84.5,0.0
84.6,0.0
84.7,0.0
84.8,0.0
84.9,0.0
85.0,0.0
85.1,0.0
85.2,0.0
85.3,0.0
85.4,0.0
85.5,0.0
85.6,0.0
85.7,0.0
85.8,0.0
85.9,0.0
86.0,0.0
86.1,0.0
86.2,0.0
86.3,0.0
86.4,0.0
86.5,0.0
86.6,0.0
86.7,0.0
86.8,0.0
86.9,0.0
87.0,0.0
87.1,0.0
87.2,0.0
87.3,0.0
87.4,0.0
87.5,0.0
87.6,0.0
87.7,0.0
87.8,0.0
87.9,0.0
88.0,0.0
88.1,0.0
88.2,0.0
88.3,0.0
88.4,0.0
88.5,0.0
88.6,0.0
88.7,0.0
88.8,0.0
88.9,0.0
89.0,0.0
89.1,0.0
89.2,0.0
89.3,0.0
89.4,0.0
89.5,0.0
89.6,0.0
89.7,0.0
89.8,0.0
89.9,0.0
90.0,0.0
90.1,0.0
90.2,0.0
90.3,0.0
90.4,0.0
90.5,0.0
90.6,0.0
90.7,0.0
90.8,0.0
90.9,0.0
91.0,0.0
91.1,0.0
91.2,0.0
91.3,0.0
91.4,0.0
91.5,0.0
91.6,0.0
91.7,0.0
91.8,0.0
91.9,0.0
92.0,0.0
92.1,0.0
92.2,0.0
92.3,0.0
92.4,0.0
92.5,0.0
92.6,0.0
92.7,0.0
92.8,0.0
92.9,41.35400578251183
93.0,479.9146864038796
93.1,831.1407453160804
93.2,262.64387741208026
93.3,0.0
93.4,0.0
93.5,0.0
93.6,0.0
93.7,0.0
93.8,0.0
93.9,0.0
94.0,0.0
94.1,0.0
94.2,0.0
94.3,0.0
94.4,0.0
94.5,0.0
94.6,0.0
94.7,0.0
94.8,0.0
94.9,0.0
95.0,0.0
95.1,0.0
95.2,0.0
95.3,0.0
95.4,0.0
95.5,0.0
95.6,0.0
95.7,0.0
95.8,0.0
95.9,0.0
96.0,0.0
96.1,0.0
96.2,0.0
96.3,0.0
96.4,0.0
96.5,0.0
96.6,0.0
96.7,0.0
96.8,0.0
96.9,0.0
97.0,0.0
97.1,0.0
97.2,0.0
97.3,0.0
97.4,0.0
97.5,0.0
97.6,0.0
97.7,0.0
97.8,0.0
97.9,0.0
98.0,0.0
98.1,0.0
98.2,0.0
98.3,0.0
98.4,0.0
98.5,0.0
98.6,0.0
98.7,0.0
98.8,0.0
98.9,0.0
99.0,0.0
99.1,0.0
99.2,0.0
99.3,0.0
99.4,0.0
99.5,0.0
99.6,0.0
99.7,0.0
99.8,0.0
99.9,0.0
100.0,0.0
100.1,0.0
100.2,0.0
100.3,0.0
100.4,0.0
100.5,0.0
100.6,0.0
100.7,0.0
100.8,0.0
100.9,0.0
101.0,0.0
101.1,0.0
101.2,0.0
101.3,0.0
101.4,0.0
101.5,0.0
101.6,0.0
101.7,0.0
101.8,0.0
101.9,0.0
102.0,0.0
102.1,0.0
102.2,0.0
102.3,0.0
102.4,0.0
102.5,0.0
102.6,0.0
102.7,0.0
102.8,0.0
102.9,0.0
103.0,0.0
103.1,0.0
103.2,0.0
103.3,0.0
103.4,0.0
103.5,0.0
103.6,0.0
103.7,0.0
103.8,0.0
103.9,0.0
104.0,0.0
104.1,0.0
104.2,0.0
104.3,0.0
104.4,0.0
104.5,0.0
104.6,0.0
104.7,0.0
104.8,0.0
104.9,0.0
105.0,0.0
105.1,0.0
105.2,0.0
105.3,0.0
105.4,0.0
105.5,0.0
105.6,0.0
105.7,0.0
105.8,0.0
105.9,0.0
106.0,0.0
106.1,0.0
106.2,0.0
106.3,0.0
106.4,0.0
106.5,0.0
106.6,0.0
106.7,0.0
106.8,0.0
106.9,0.0
107.0,0.0
107.1,0.0
107.2,0.0
107.3,0.0
107.4,0.0
107.5,0.0
107.6,0.0
107.7,0.0
107.8,0.0
107.9,0.0
108.0,0.0
108.1,0.0
108.2,0.0
108.3,0.0
108.4,0.0
108.5,0.0
108.6,0.0
108.7,0.0
108.8,0.0
108.9,0.0
109.0,0.0
109.1,0.0
109.2,0.0
109.3,0.0
109.4,0.0
109.5,0.0
109.6,0.0
109.7,0.0
109.8,0.0
109.9,0.0
110.0,0.0
110.1,0.0
110.2,0.0
110.3,0.0
110.4,0.0
110.5,0.0
110.6,0.0
110.7,0.0
110.8,0.0
110.9,0.0
111.0,0.0
111.1,0.0
111.2,0.0
111.3,0.0
111.4,0.0
111.5,0.0
111.6,0.0
111.7,0.0
111.8,0.0
111.9,0.0
112.0,0.0
112.1,0.0
112.2,0.0
112.3,0.0
112.4,0.0
112.5,0.0
112.6,0.0
112.7,0.0
112.8,0.0
112.9,0.0
113.0,0.0
113.1,0.0
113.2,0.0
113.3,0.0
113.4,0.0
113.5,0.0
113.6,0.0
113.7,0.0
113.8,0.0
113.9,0.0
114.0,0.0
114.1,0.0
114.2,0.0
114.3,0.0
114.4,0.0
114.5,0.0
114.6,0.0
114.7,0.0
114.8,0.0
114.9,0.0
115.0,0.0
115.1,0.0
115.2,0.0
115.3,0.0
115.4,0.0
115.5,0.0
115.6,0.0
115.7,0.0
115.8,0.0
115.9,0.0
116.0,0.0
116.1,0.0
116.2,0.0
116.3,0.0
116.4,0.0
116.5,0.0
116.6,96.72323538764819
116.7,263.7264042782522
116.8,149.94770493378374
116.9,0.0
117.0,0.0
117.1,0.0
117.2,0.0
117.3,0.0
117.4,0.0
117.5,0.0
117.6,0.0
117.7,0.0
117.8,0.0
117.9,0.0
118.0,0.0
118.1,0.0
118.2,0.0
118.3,0.0
118.4,0.0
118.5,0.0
118.6,0.0
118.7,0.0
118.8,0.0
118.9,0.0
119.0,0.0
119.1,0.0
119.2,0.0
119.3,0.0
119.4,0.0
119.5,0.0
119.6,0.0
119.7,0.0
119.8,0.0
119.9,0.0
120.0,0.0
120.1,0.0
120.2,0.0
120.3,0.0
120.4,0.0
120.5,0.0
120.6,0.0
120.7,0.0
120.8,0.0
120.9,0.0
121.0,0.0
121.1,0.0
121.2,0.0
121.3,0.0
121.4,0.0
121.5,0.0
121.6,0.0
121.7,0.0
121.8,0.0
121.9,0.0
122.0,0.0
122.1,0.0
122.2,0.0
122.3,0.0
122.4,0.0
122.5,0.0
122.6,0.0
122.7,0.0
122.8,0.0
122.9,0.0
123.0,0.0
123.1,0.0
123.2,0.0
123.3,0.0
123.4,0.0
123.5,0.0
123.6,0.0
123.7,0.0
123.8,0.0
123.9,0.0
124.0,0.0
124.1,0.0
124.2,0.0
124.3,0.0
124.4,0.0
124.5,0.0
124.6,0.0
124.7,0.0
124.8,0.0
124.9,0.0
125.0,0.0
125.1,0.0
125.2,0.0
125.3,0.0
125.4,0.0
125.5,0.0
125.6,0.0
125.7,0.0
125.8,0.0
125.9,0.0
126.0,0.0
126.1,0.0
126.2,0.0
126.3,0.0
126.4,0.0
126.5,0.0
126.6,0.0
126.7,0.0
126.8,0.0
126.9,0.0
127.0,0.0
127.1,0.0
127.2,0.0
127.3,0.0
127.4,0.0
127.5,0.0
127.6,0.0
127.7,0.0
127.8,0.0
127.9,0.0
128.0,0.0
128.1,0.0
128.2,0.0
128.3,0.0
128.4,0.0
128.5,0.0
128.6,0.0
128.7,0.0
128.8,0.0
128.9,0.0
129.0,0.0
129.1,0.0
129.2,0.0
129.3,0.0
129.4,0.0
129.5,0.0
129.6,0.0
129.7,0.0
129.8,0.0
129.9,0.0
130.0,0.0
130.1,0.0
130.2,0.0
130.3,0.0
130.4,0.0
130.5,0.0
130.6,0.0
130.7,0.0
130.8,0.0
130.9,0.0
131.0,0.0
131.1,0.0
131.2,0.0
131.3,0.0
131.4,0.0
131.5,0.0
131.6,0.0
131.7,0.0
131.8,0.0
131.9,0.0
132.0,0.0
132.1,0.0
132.2,0.0
132.3,0.0
132.4,0.0
132.5,0.0
132.6,0.0
132.7,0.0
132.8,0.0
132.9,0.0
133.0,0.0
133.1,0.0
133.2,0.0
133.3,0.0
133.4,0.0
133.5,0.0
133.6,0.0
133.7,0.0
133.8,0.0
133.9,0.0
134.0,0.0
134.1,0.0
134.2,0.0
134.3,0.0
134.4,0.0
134.5,0.0
134.6,0.0
134.7,0.0
134.8,0.0
134.9,0.0
135.0,0.0
135.1,0.0
135.2,0.0
135.3,0.0
135.4,0.0
135.5,0.0
135.6,0.0
135.7,0.0
135.8,0.0
135.9,0.0
136.0,0.0
136.1,0.0
136.2,0.0
136.3,0.0
136.4,0.0
136.5,0.0
136.6,0.0
136.7,0.0
136.8,0.0
136.9,0.0
137.0,0.0
137.1,0.0
137.2,0.0
137.3,0.0
137.4,0.0
137.5,0.0
137.6,0.0
137.7,0.0
137.8,0.0
137.9,0.0
138.0,0.0
138.1,0.0
138.2,0.0
138.3,0.0
138.4,0.0
138.5,0.0
138.6,0.0
138.7,0.0
138.8,0.0
138.9,0.0
139.0,0.0
139.1,0.0
139.2,0.0
139.3,0.0
139.4,0.0
139.5,0.0
139.6,0.0
139.7,0.0
139.8,0.0
139.9,69.97488367028284
140.0,195.1775162776328
140.1,216.27401430931195
140.2,25.510510468170697
140.3,0.0
140.4,0.0
140.5,0.0
140.6,0.0
140.7,0.0
140.8,0.0
140.9,0.0
141.0,0.0
141.1,0.0
141.2,0.0
141.3,0.0
141.4,0.0
141.5,0.0
141.6,0.0
141.7,0.0
141.8,0.0
141.9,0.0
142.0,0.0
142.1,0.0
142.2,0.0
142.3,0.0
142.4,0.0
142.5,0.0
142.6,0.0
142.7,0.0
142.8,0.0
142.9,0.0
143.0,0.0
143.1,0.0
143.2,0.0
143.3,0.0
143.4,0.0
143.5,0.0
143.6,0.0
143.7,0.0
143.8,0.0
143.9,0.0
144.0,0.0
144.1,0.0
144.2,0.0
144.3,0.0
144.4,0.0
144.5,0.0
144.6,0.0
144.7,0.0
144.8,0.0
144.9,0.0
145.0,0.0
145.1,0.0
145.2,0.0
145.3,0.0
145.4,0.0
145.5,0.0
145.6,0.0
145.7,0.0
145.8,0.0
145.9,0.0
146.0,0.0
146.1,0.0
146.2,0.0
146.3,0.0
146.4,0.0
146.5,0.0
146.6,0.0
146.7,0.0
146.8,0.0
146.9,0.0
147.0,0.0
147.1,0.0
147.2,0.0
147.3,0.0
147.4,0.0
147.5,0.0
147.6,0.0
147.7,0.0
147.8,0.0
147.9,0.0
148.0,0.0
148.1,0.0
148.2,0.0
148.3,0.0
148.4,0.0
148.5,0.0
148.6,0.0
148.7,0.0
148.8,0.0
148.9,0.0
149.0,0.0
149.1,0.0
149.2,0.0
149.3,0.0
149.4,0.0
149.5,0.0
149.6,0.0
149.7,0.0
149.8,0.0
149.9,0.0
150.0,0.0
150.1,0.0
150.2,0.0
150.3,0.0
150.4,0.0
150.5,0.0
150.6,0.0
150.7,0.0
150.8,0.0
150.9,0.0
151.0,0.0
151.1,0.0
151.2,0.0
151.3,0.0
151.4,0.0
151.5,0.0
151.6,0.0
151.7,0.0
151.8,0.0
151.9,0.0
152.0,0.0
152.1,0.0
152.2,0.0
152.3,0.0
152.4,0.0
152.5,0.0
152.6,0.0
152.7,0.0
152.8,0.0
152.9,0.0
153.0,0.0
153.1,0.0
153.2,0.0
153.3,0.0
153.4,0.0
153.5,0.0
153.6,0.0
153.7,0.0
153.8,0.0
153.9,0.0
154.0,0.0
154.1,0.0
154.2,0.0
154.3,0.0
154.4,0.0
154.5,0.0
154.6,0.0
154.7,0.0
154.8,0.0
154.9,0.0
155.0,0.0
155.1,0.0
155.2,0.0
155.3,0.0
155.4,0.0
155.5,0.0
155.6,0.0
155.7,0.0
155.8,0.0
155.9,0.0
156.0,0.0
156.1,0.0
156.2,0.0
156.3,0.0
156.4,0.0
156.5,0.0
156.6,0.0
156.7,0.0
156.8,0.0
156.9,0.0
157.0,0.0
157.1,0.0
157.2,0.0
157.3,0.0
157.4,0.0
157.5,0.0
157.6,0.0
157.7,0.0
157.8,0.0
157.9,0.0
158.0,0.0
158.1,0.0
158.2,0.0
158.3,0.0
158.4,0.0
158.5,0.0
158.6,0.0
158.7,0.0
158.8,0.0
158.9,0.0
159.0,0.0
159.1,0.0
159.2,0.0
159.3,0.0
159.4,0.0
159.5,0.0
159.6,0.0
159.7,0.0
159.8,0.0
159.9,0.0
160.0,0.0
160.1,0.0
160.2,0.0
160.3,0.0
160.4,0.0
160.5,0.0
160.6,0.0
160.7,0.0
160.8,0.0
160.9,0.0
161.0,0.0
161.1,0.0
161.2,0.0
161.3,0.0
161.4,0.0
161.5,0.0
161.6,0.0
161.7,0.0
161.8,0.0
161.9,0.0
162.0,0.0
162.1,0.0
162.2,0.0
162.3,0.0
162.4,0.0
162.5,0.0
162.6,0.0
162.7,0.0
162.8,0.0
162.9,0.0
163.0,0.0
163.1,0.0
163.2,0.0
163.3,0.0
163.4,0.0
163.5,0.0
163.6,0.0
163.7,0.0
163.8,0.0
163.9,0.0
164.0,0.0
164.1,0.0
164.2,1.07503025091659
164.3,2.2465530393514204
164.4,3.4657301990930773
164.5,4.704796519833248
164.6,5.96599250564647
164.7,7.199113284202329
164.8,8.50187366140134
164.9,9.72074995341012
165.0,10.827624140852407
165.1,11.72467812565268
165.2,12.313445412465253
165.3,12.621500771240907
165.4,12.598039512681407
165.5,12.188321307271462
165.6,11.297492423918113
165.7,9.927956957335972
165.8,7.960305050415623
165.9,5.348887366875849
166.0,2.042848826391528
166.1,0.0
166.2,0.0
166.3,0.0
166.4,0.0
166.5,0.0
166.6,0.0
166.7,0.0
166.8,0.0
166.9,0.0
167.0,0.0
167.1,0.0
167.2,0.0
167.3,0.0
167.4,0.0
167.5,0.0
167.6,0.0
167.7,0.0
167.8,0.0
167.9,0.0
168.0,0.0
168.1,0.0
168.2,0.0
168.3,0.0
168.4,0.0
168.5,0.0
168.6,0.0
168.7,0.0
168.8,0.0
168.9,0.0
169.0,0.0
169.1,0.0
169.2,0.0
169.3,0.0
169.4,0.0
169.5,0.0
169.6,0.0
169.7,0.0
169.8,0.0
169.9,0.0
170.0,0.0
170.1,0.0
170.2,0.0
170.3,0.0
170.4,0.0
170.5,0.0
170.6,0.0
170.7,0.0
170.8,0.0
170.9,0.0
171.0,0.0
171.1,0.0
171.2,0.0
171.3,0.0
171.4,0.0
171.5,0.0
171.6,0.0
171.7,0.0
171.8,0.0
171.9,0.0
172.0,0.0
172.1,0.0
172.2,0.0
172.3,0.0
172.4,0.0
172.5,0.0
172.6,0.0
172.7,0.0
172.8,0.0
172.9,0.0
173.0,0.0
173.1,0.0
173.2,0.0
173.3,0.0
173.4,0.0
173.5,0.0
173.6,0.0
173.7,0.0
173.8,0.0
173.9,0.0
174.0,0.0
174.1,0.0
174.2,0.0
174.3,0.0
174.4,0.0
174.5,0.0
174.6,0.0
174.7,0.0
174.8,0.0
174.9,0.0
175.0,0.0
175.1,0.0
175.2,0.0
175.3,0.0
175.4,0.0
175.5,0.0
175.6,0.0
175.7,0.0
175.8,0.0
175.9,0.0
176.0,0.0
176.1,0.0
176.2,0.0
176.3,0.0
176.4,0.0
176.5,0.0
176.6,0.0
176.7,0.0
176.8,0.0
176.9,0.0
177.0,0.0
177.1,0.0
177.2,0.0
177.3,0.0
177.4,0.0
177.5,0.0
177.6,0.0
177.7,0.0
177.8,0.0
177.9,0.0
178.0,0.0
178.1,0.0
178.2,0.0
178.3,0.0
178.4,0.0
178.5,0.0
178.6,0.0
178.7,0.0
178.8,0.0
178.9,0.0
179.0,0.0
179.1,0.0
179.2,0.0
179.3,0.0
179.4,0.0
179.5,0.0
179.6,0.0
179.7,0.0
179.8,0.0
179.9,0.0
180.0,0.0
180.1,0.0
180.2,0.0
180.3,0.0
180.4,0.0
180.5,0.0
180.6,0.0
180.7,0.0
180.8,0.0
180.9,0.0
181.0,0.0
181.1,0.0
181.2,0.0
181.3,0.0
181.4,0.0
181.5,0.0
181.6,0.0
181.7,0.0
181.8,0.0
181.9,0.0
182.0,0.0
182.1,0.0
182.2,0.0
182.3,0.0
182.4,0.0
182.5,0.0
182.6,0.0
182.7,0.0
182.8,0.0
182.9,0.0
183.0,0.0
183.1,0.0
183.2,0.0
183.3,0.0
183.4,0.0
183.5,0.0
183.6,0.0
183.7,0.0
183.8,0.0
183.9,0.0
184.0,0.0
184.1,0.0
184.2,0.0
184.3,0.0
184.4,0.0
184.5,2.399312210899668
184.6,7.25499390751958
184.7,11.770651387203758
184.8,15.938289508127374
184.9,19.7268250853085
185.0,23.102355148756907
185.1,26.028613040240316
185.2,28.479524685455523
185.3,30.444763350193657
185.4,31.908674366935045
185.5,32.83835770190432
185.6,33.23066731603161
185.7,33.093443383822496
185.8,32.407948492268886
185.9,31.180824677263185
186.0,29.403026891067807
186.1,27.052268771561387
186.2,24.123042904830978
186.3,20.597667873969996
186.4,16.446140167621135
186.5,11.640527206305332
186.6,6.167174461458449
186.7,0.0
186.8,0.0
186.9,0.0
187.0,0.0
187.1,0.0
187.2,0.0
187.3,0.0
187.4,0.0
187.5,0.0
187.6,0.0
187.7,0.0
187.8,0.0
187.9,0.0
188.0,0.0
188.1,0.0
188.2,0.0
188.3,0.0
188.4,0.0
188.5,0.0
188.6,0.0
188.7,0.0
188.8,0.0
188.9,0.0
189.0,0.0
189.1,0.0
189.2,0.0
189.3,0.0
189.4,0.0
189.5,0.0
189.6,0.0
189.7,0.0
189.8,0.0
189.9,0.0
190.0,0.0
190.1,0.0
190.2,0.0
190.3,0.0
190.4,0.0
190.5,0.0
190.6,0.0
190.7,0.0
190.8,0.0
190.9,0.0
191.0,0.0
191.1,0.0
191.2,0.0
191.3,0.0
191.4,0.0
191.5,0.0
191.6,0.0
191.7,0.0
191.8,0.0
191.9,0.0
192.0,0.0
192.1,0.0
192.2,0.0
192.3,0.0
192.4,0.0
192.5,0.0
192.6,0.0
192.7,0.0
192.8,0.0
192.9,0.0
193.0,0.0
193.1,0.0
193.2,0.0
193.3,0.0
193.4,0.0
193.5,0.0
193.6,0.0
193.7,0.0
193.8,0.0
193.9,0.0
194.0,0.0
194.1,0.0
194.2,0.0
194.3,0.0
194.4,0.0
194.5,0.0
194.6,0.0
194.7,0.0
194.8,0.0
194.9,0.0
195.0,0.0
195.1,0.0
195.2,0.0
195.3,0.0
195.4,0.0
195.5,0.0
195.6,0.0
195.7,0.0
195.8,0.0
195.9,0.0
196.0,0.0
196.1,0.0
196.2,0.0
196.3,0.0
196.4,0.0
196.5,0.0
196.6,0.0
196.7,0.0
196.8,0.0
196.9,0.0
197.0,0.0
197.1,0.0
197.2,0.0
197.3,0.0
197.4,0.0
197.5,0.0
197.6,0.0
197.7,0.0
197.8,0.0
197.9,0.0
198.0,0.0
198.1,0.0
198.2,0.0
198.3,0.0
198.4,0.0
198.5,0.0
198.6,0.0
198.7,0.0
198.8,0.0
198.9,0.0
199.0,0.0
199.1,0.0
199.2,0.0
199.3,0.0
199.4,0.0
199.5,0.0
199.6,0.0
199.7,0.0
199.8,0.0
199.9,0.0
200.0,0.0
200.1,0.0
200.2,0.0
200.3,0.0
200.4,0.0
200.5,0.0
200.6,0.0
200.7,0.0
200.8,0.0
200.9,0.0
201.0,0.0
201.1,0.0
201.2,0.0
201.3,0.0
201.4,0.0
201.5,0.0
201.6,0.0
201.7,0.0
201.8,0.0
201.9,0.0
202.0,0.0
202.1,0.0
202.2,0.0
202.3,0.0
202.4,0.0
202.5,0.0
202.6,0.0
202.7,0.0
202.8,0.0
202.9,0.0
203.0,0.0
203.1,0.0
203.2,0.0
203.3,0.0
203.4,0.0
203.5,0.0
203.6,0.0
203.7,0.0
203.8,0.0
203.9,0.0
204.0,0.0
204.1,0.0
204.2,0.0
204.3,0.0
204.4,0.0
204.5,111.90733450927326
204.6,231.92479532625555
204.7,349.2145346939119
204.8,463.5880603540006
204.9,574.7737463166798
205.0,682.400145186298
205.1,786.0165965690102
205.2,885.1043556582288
205.3,979.0914438254897
205.4,1067.3368562659782
205.5,1149.1491881984039
205.6,1223.8027122645144
205.7,1290.5171615062677
205.8,1348.485822286335
205.9,1396.8537170091904
206.0,1434.7276292229865
206.1,1461.2050851879771
206.2,1475.3219664076676
206.3,1476.0845342644602
206.4,1462.4839741081219
206.5,1433.456781700028
206.6,1387.9213005875545
206.7,1324.739263828839
206.8,1242.7446120859993
206.9,1140.73085863508
207.0,1017.4474211377636
207.1,871.5956896229915
207.2,701.8209167656549
207.3,506.72464007405597
207.4,284.8474822967492
207.5,34.66120293430507
207.6,0.0
207.7,0.0
207.8,0.0
207.9,0.0
208.0,0.0
208.1,0.0
208.2,0.0
208.3,0.0
208.4,0.0
208.5,0.0
208.6,0.0
208.7,0.0
208.8,0.0
208.9,0.0
209.0,0.0
209.1,0.0
209.2,0.0
209.3,0.0
209.4,0.0
209.5,0.0
209.6,0.0
209.7,0.0
209.8,0.0
209.9,0.0
210.0,0.0
210.1,0.0
210.2,0.0
210.3,0.0
210.4,0.0
210.5,0.0
210.6,0.0
210.7,0.0
210.8,0.0
210.9,0.0
211.0,0.0
211.1,0.0
211.2,0.0
211.3,0.0
211.4,0.0
211.5,0.0
211.6,0.0
211.7,0.0
211.8,0.0
211.9,0.0
212.0,0.0
212.1,0.0
212.2,0.0
212.3,0.0
212.4,0.0
212.5,0.0
212.6,0.0
212.7,0.0
212.8,0.0
212.9,0.0
213.0,0.0
213.1,0.0
213.2,0.0
213.3,0.0
213.4,0.0
213.5,0.0
213.6,0.0
213.7,0.0
213.8,0.0
213.9,0.0
214.0,0.0
214.1,0.0
214.2,0.0
214.3,0.0
214.4,0.0
214.5,0.0
214.6,0.0
214.7,0.0
214.8,0.0
214.9,0.0
215.0,0.0
215.1,0.0
215.2,0.0
215.3,0.0
215.4,0.0
215.5,0.0
215.6,0.0
215.7,0.0
215.8,0.0
215.9,0.0
216.0,0.0
216.1,0.0
216.2,0.0
216.3,0.0
216.4,0.0
216.5,0.0
216.6,0.0
216.7,0.0
216.8,0.0
216.9,0.0
217.0,0.0
217.1,0.0
217.2,0.0
217.3,0.0
217.4,0.0
217.5,0.0
217.6,0.0
217.7,0.0
217.8,0.0
217.9,0.0
218.0,0.0
218.1,0.0
218.2,0.0
218.3,0.0
218.4,0.0
218.5,0.0
218.6,0.0
218.7,0.0
218.8,0.0
218.9,0.0
219.0,0.0
219.1,0.0
219.2,0.0
219.3,0.0
219.4,0.0
219.5,0.0
219.6,0.0
219.7,0.0
219.8,0.0
219.9,0.0
220.0,0.0
220.1,0.0
220.2,0.0
220.3,0.0
220.4,0.0
220.5,0.0
220.6,0.0
220.7,0.0
220.8,0.0
220.9,0.0
221.0,0.0
221.1,0.0
221.2,0.0
221.3,0.0
221.4,0.0
221.5,0.0
221.6,0.0
221.7,0.0
221.8,0.0
221.9,0.0
222.0,0.0
222.1,0.0
222.2,0.0
222.3,0.0
222.4,0.0
222.5,0.0
222.6,0.0
222.7,0.0
222.8,0.0
222.9,0.0
223.0,0.0
223.1,0.0
223.2,0.0
223.3,0.0
223.4,0.0
223.5,0.0
223.6,0.0
223.7,0.0
223.8,0.0
223.9,0.0
224.0,0.0
224.1,0.0
224.2,0.0
224.3,0.0
224.4,0.0
224.5,0.0
224.6,0.0
224.7,0.0
224.8,0.0
224.9,0.0
225.0,0.0
225.1,0.0
225.2,0.0
225.3,0.0
225.4,0.0
225.5,0.0
225.6,0.0
225.7,0.0
225.8,0.0
225.9,0.0
226.0,773.0149256591383
226.1,1713.986870198357
226.2,2605.997469371616
226.3,3448.894148019564
226.4,4242.048942527038
226.5,4984.442881843447
226.6,5674.730147671683
226.7,6311.281563768779
226.8,6892.225770157663
226.9,7415.499336474255
227.0,7878.856919451507
227.1,8279.900473384736
227.2,8616.081838634882
227.3,8884.72047679338
227.4,9082.996011180507
227.5,9207.948913468403
227.6,9256.456455870511
227.7,9225.23422581609
227.8,9110.796923916605
227.9,8909.45702413999
228.0,8617.321749466244
228.1,8230.24944479904
228.2,7743.806728221247
228.3,7153.240911529845
228.4,6453.4723034542985
228.5,5639.045253823968
228.6,4704.041828599266
228.7,3642.005950199985
228.8,2445.8622895841454
228.9,1107.8834990452278
229.0,0.0
229.1,0.0
229.2,0.0
229.3,0.0
229.4,0.0
229.5,0.0
229.6,0.0
229.7,0.0
229.8,0.0
229.9,0.0
230.0,0.0
230.1,0.0
230.2,0.0
230.3,0.0
230.4,0.0
230.5,0.0
230.6,0.0
230.7,0.0
230.8,0.0
230.9,0.0
231.0,0.0
231.1,0.0
231.2,0.0
231.3,0.0
231.4,0.0
231.5,0.0
231.6,0.0
231.7,0.0
231.8,0.0
231.9,0.0
232.0,0.0
232.1,0.0
232.2,0.0
232.3,0.0
232.4,0.0
232.5,0.0
232.6,0.0
232.7,0.0
232.8,0.0
232.9,0.0
233.0,0.0
233.1,0.0
233.2,0.0
233.3,0.0
233.4,0.0
233.5,0.0
233.6,0.0
233.7,0.0
233.8,0.0
233.9,0.0
234.0,0.0
234.1,0.0
234.2,0.0
234.3,0.0
234.4,0.0
234.5,0.0
234.6,0.0
234.7,0.0
234.8,0.0
234.9,0.0
235.0,0.0
235.1,0.0
235.2,0.0
235.3,0.0
235.4,0.0
235.5,0.0
235.6,0.0
235.7,0.0
235.8,0.0
235.9,0.0
236.0,0.0
236.1,0.0
236.2,0.0
236.3,0.0
236.4,0.0
236.5,0.0
236.6,0.0
236.7,0.0
236.8,0.0
236.9,0.0
237.0,0.0
237.1,0.0
237.2,0.0
237.3,0.0
237.4,0.0
237.5,0.0
237.6,0.0
237.7,0.0
237.8,0.0
237.9,0.0
238.0,0.0
238.1,0.0
238.2,0.0
238.3,0.0
238.4,0.0
238.5,0.0
238.6,0.0
238.7,0.0
238.8,0.0
238.9,0.0
239.0,0.0
239.1,0.0
239.2,0.0
239.3,0.0
239.4,0.0
239.5,0.0
239.6,0.0
239.7,0.0
239.8,0.0
239.9,0.0
240.0,0.0
240.1,0.0
240.2,0.0
240.3,0.0
240.4,0.0
240.5,0.0
240.6,0.0
240.7,0.0
240.8,0.0
240.9,0.0
241.0,0.0
241.1,0.0
241.2,0.0
241.3,0.0
241.4,0.0
241.5,0.0
241.6,0.0
241.7,0.0
241.8,0.0
241.9,0.0
242.0,5337.125452449302
242.1,15764.138488939268
242.2,26588.299695321504
242.3,45178.680746877086
242.4,63672.62258404946
242.5,82075.7966911598
242.6,100386.92563393102
242.7,118597.59704534673
242.8,136691.92525990625
242.9,154646.03826509902
243.0,172427.39368143157
243.1,189993.9080698122
243.2,207292.88104721575
243.3,224259.68976556792
243.4,240816.24296506552
243.5,256869.14470018033
243.6,272307.5432661482
243.7,287000.62724359665
243.8,300794.69642315665
243.9,313509.7809250014
244.0,324935.70719654637
244.1,334827.55906400876
244.2,342900.42418128834
244.3,348823.3334099964
244.4,352212.256028796
244.5,352622.0172752309
244.6,349536.5511227258
244.7,342434.15382385516
244.8,331234.668295046
244.9,316335.7324717781
245.0,298187.4999584506
245.1,277168.85431156785
245.2,253597.99737019787
245.3,227740.8335942758
245.4,199818.12519150908
245.5,170011.56086548083
245.6,138468.87745493898
245.7,105308.29999060031
245.8,70622.454366116
245.9,34481.87520213712
246.0,0.0
246.1,0.0
246.2,0.0
246.3,0.0
246.4,0.0
246.5,0.0
246.6,0.0
246.7,0.0
246.8,0.0
246.9,0.0
247.0,0.0
247.1,0.0
247.2,0.0
247.3,0.0
247.4,0.0
247.5,0.0
247.6,0.0
247.7,0.0
247.8,0.0
247.9,0.0
248.0,0.0
248.1,0.0
248.2,0.0
248.3,0.0
248.4,0.0
248.5,0.0
248.6,0.0
248.7,0.0
248.8,0.0
248.9,0.0
249.0,0.0
249.1,0.0
249.2,0.0
249.3,0.0
249.4,0.0
249.5,0.0
249.6,0.0
249.7,0.0
249.8,0.0
249.9,0.0
250.0,0.0
250.1,0.0
250.2,0.0
250.3,0.0
250.4,0.0
250.5,0.0
250.6,0.0
250.7,0.0
250.8,0.0
250.9,0.0
251.0,0.0
251.1,0.0
251.2,0.0
251.3,0.0
251.4,0.0
251.5,0.0
251.6,0.0
251.7,0.0
251.8,0.0
251.9,0.0
252.0,0.0
252.1,0.0
252.2,0.0
252.3,0.0
252.4,0.0
252.5,0.0
252.6,0.0
252.7,0.0
252.8,0.0
252.9,0.0
253.0,0.0
253.1,0.0
253.2,0.0
253.3,0.0
253.4,0.0
253.5,0.0
253.6,0.0
253.7,0.0
253.8,0.0
253.9,0.0
254.0,0.0
254.1,0.0
254.2,0.0
254.3,0.0
254.4,0.0
254.5,0.0
254.6,0.0
254.7,0.0
254.8,0.0
254.9,0.0
255.0,0.0
255.1,0.0
255.2,0.0
255.3,0.0
255.4,0.0
255.5,0.0
255.6,0.0
255.7,0.0
255.8,0.0
255.9,0.0
256.0,0.0
256.1,0.0
256.2,0.0
256.3,0.0
256.4,0.0
256.5,0.0
256.6,0.0
256.7,0.0
256.8,0.0
256.9,0.0
257.0,0.0
257.1,0.0
257.2,0.0
257.3,0.0
257.4,0.0
257.5,0.0
257.6,0.0
257.7,0.0
257.8,0.0
257.9,0.0
258.0,0.0
258.1,0.0
258.2,0.0
258.3,0.0
258.4,0.0
258.5,0.0
258.6,0.0
258.7,0.0
258.8,22034.93989447667
258.9,87987.53676974605
259.0,153508.17824013872
259.1,218662.32739346972
259.2,283499.19146143814
259.3,348049.5205291413
259.4,412322.9985662349
259.5,476305.16638113634
259.6,539953.8040175342
259.7,603194.6914009646
259.8,665916.6518075773
259.9,727965.768592266
260.0,789138.6476988272
260.1,849174.5790752232
260.2,907746.4280117684
260.3,964450.0606582925
260.4,1018792.0779584503
260.5,1070175.5968048524
260.6,1117883.7772119807
260.7,1161060.7492026913
260.8,1198689.537883827
260.9,1229566.5232201426
261.0,1252282.502477755
261.1,1263206.9302229788
261.2,1264374.8835864954
261.3,1257500.2628510778
261.4,1244047.6464598505
261.5,1225266.097998469
261.6,1202218.4723184735
261.7,1175806.7220527017
261.8,1146795.0798904246
261.9,1115829.102491193
262.0,1083452.1039687449
262.1,1050119.3440697785
262.2,1016210.3192523812
262.3,982040.1813381619
262.4,947868.9584144296
262.5,913909.5254601951
262.6,880334.4921354644
262.7,847282.1556703822
262.8,814861.6450042974
262.9,783157.3663200543
263.0,752232.8453745402
263.1,722134.0495173276
263.2,692892.260304492
263.3,664526.5586142557
263.4,637045.975655226
263.5,610451.3545445458
263.6,584736.9628901439
263.7,559891.8892043068
263.8,535901.251199072
263.9,512747.2396141581
264.0,490410.0168235755
264.1,468868.48358559044
264.2,448100.92659097596
264.3,428085.55286014394
264.4,408800.9137027246
264.5,390226.2171971955
264.6,372341.5235874059
264.7,355127.8197828541
264.8,338567.01930513827
264.9,322641.9378399703
265.0,307336.2570840738
265.1,292634.4763475222
265.2,278521.8501233157
265.3,264984.3102276681
265.4,252008.37022946845
265.5,239581.0093710303
265.6,227689.53390741043
265.7,216321.4107767721
265.8,205464.07149060085
265.9,0.0
266.0,3500260759.6848216
266.1,6390814267.19513
266.2,7537576288.131046
266.3,6425387516.729993
266.4,2539104007.5895734
266.5,0.0
266.6,0.0
266.7,0.0
266.8,0.0
266.9,0.0
267.0,0.0
267.1,0.0
267.2,0.0
267.3,0.0
267.4,0.0
267.5,0.0
267.6,0.0
267.7,0.0
267.8,0.0
267.9,0.0
268.0,0.0
268.1,0.0
268.2,0.0
268.3,0.0
268.4,0.0
268.5,0.0
268.6,0.0
268.7,0.0
268.8,0.0
268.9,0.0
269.0,0.0
269.1,0.0
269.2,0.0
269.3,0.0
269.4,0.0
269.5,0.0
269.6,0.0
269.7,0.0
269.8,0.0
269.9,0.0
270.0,0.0
270.1,0.0
270.2,0.0
270.3,0.0
270.4,0.0
270.5,0.0
270.6,0.0
270.7,0.0
270.8,0.0
270.9,0.0
271.0,0.0
271.1,0.0
271.2,0.0
271.3,0.0
271.4,0.0
271.5,0.0
271.6,0.0
271.7,0.0
271.8,0.0
271.9,0.0
272.0,0.0
272.1,0.0
272.2,0.0
272.3,0.0
272.4,0.0
272.5,0.0
272.6,0.0
272.7,0.0
272.8,0.0
272.9,0.0
273.0,0.0
273.1,0.0
273.2,0.0
273.3,0.0
273.4,0.0
273.5,0.0
273.6,0.0
273.7,0.0
273.8,0.0
273.9,0.0
274.0,0.0
274.1,0.0
274.2,0.0
274.3,0.0
274.4,0.0
274.5,0.0
274.6,0.0
274.7,0.0
274.8,0.0
274.9,0.0
275.0,0.0
275.1,0.0
275.2,0.0
275.3,0.0
275.4,0.0
275.5,0.0
275.6,0.0
275.7,0.0
275.8,0.0
275.9,0.0
276.0,0.0
276.1,0.0
276.2,0.0
276.3,0.0
276.4,0.0
276.5,0.0
276.6,0.0
276.7,0.0
276.8,0.0
276.9,0.0
277.0,0.0
277.1,0.0
277.2,0.0
277.3,0.0
277.4,0.0
277.5,0.0
277.6,0.0
277.7,0.0
277.8,0.0
277.9,0.0
278.0,0.0
278.1,0.0
278.2,0.0
278.3,0.0
278.4,0.0
278.5,0.0
278.6,0.0
278.7,0.0
278.8,0.0
278.9,0.0
279.0,0.0
279.1,0.0
279.2,0.0
279.3,0.0
279.4,0.0
279.5,0.0
279.6,0.0
279.7,0.0
279.8,0.0
279.9,0.0
280.0,0.0
280.1,0.0
280.2,0.0
280.3,0.0
280.4,0.0
280.5,0.0
280.6,0.0
280.7,0.0
280.8,0.0
280.9,0.0
281.0,0.0
281.1,0.0
281.2,0.0
281.3,0.0
281.4,0.0
281.5,0.0
281.6,0.0
281.7,0.0
281.8,0.0
281.9,0.0
282.0,0.0
282.1,0.0
282.2,0.0
282.3,0.0
282.4,0.0
282.5,0.0
282.6,0.0
282.7,0.0
282.8,0.0
282.9,0.0
283.0,0.0
283.1,0.0
283.2,0.0
283.3,0.0
283.4,0.0
283.5,0.0
283.6,0.0
283.7,0.0
283.8,194801822905.02255
283.9,360063263312.1774
284.0,394705003743.17914
284.1,268782217584.43073
284.2,0.0
284.3,0.0
284.4,0.0
284.5,0.0
284.6,0.0
284.7,0.0
284.8,0.0
284.9,0.0
285.0,0.0
285.1,0.0
285.2,0.0
285.3,0.0
285.4,0.0
285.5,0.0
285.6,0.0
285.7,0.0
285.8,0.0
285.9,0.0
286.0,0.0
286.1,0.0
286.2,0.0
286.3,0.0
286.4,0.0
286.5,0.0
286.6,0.0
286.7,0.0
286.8,0.0
286.9,0.0
287.0,0.0
287.1,0.0
287.2,0.0
287.3,0.0
287.4,0.0
287.5,0.0
287.6,0.0
287.7,0.0
287.8,0.0
287.9,0.0
288.0,0.0
288.1,0.0
288.2,0.0
288.3,0.0
288.4,0.0
288.5,0.0
288.6,0.0
288.7,0.0
288.8,0.0
288.9,0.0
289.0,0.0
289.1,0.0
289.2,0.0
289.3,0.0
289.4,0.0
289.5,0.0
289.6,0.0
289.7,0.0
289.8,0.0
289.9,0.0
290.0,0.0
290.1,0.0
290.2,0.0
290.3,0.0
290.4,0.0
290.5,0.0
290.6,0.0
290.7,0.0
290.8,0.0
290.9,0.0
291.0,0.0
291.1,0.0
291.2,0.0
291.3,0.0
291.4,0.0
291.5,0.0
291.6,0.0
291.7,0.0
291.8,0.0
291.9,0.0
292.0,0.0
292.1,0.0
292.2,0.0
292.3,0.0
292.4,0.0
292.5,0.0
292.6,0.0
292.7,0.0
292.8,0.0
292.9,0.0
293.0,0.0
293.1,0.0
293.2,0.0
293.3,0.0
293.4,0.0
293.5,0.0
293.6,0.0
293.7,0.0
293.8,0.0
293.9,0.0
294.0,0.0
294.1,0.0
294.2,0.0
294.3,0.0
294.4,0.0
294.5,0.0
294.6,0.0
294.7,0.0
294.8,0.0
294.9,0.0
295.0,0.0
295.1,0.0
295.2,0.0
295.3,0.0
295.4,0.0
295.5,0.0
295.6,0.0
295.7,0.0
295.8,0.0
295.9,0.0
296.0,0.0
296.1,0.0
296.2,0.0
296.3,0.0
296.4,0.0
296.5,0.0
296.6,0.0
296.7,0.0
296.8,0.0
296.9,0.0
297.0,0.0
297.1,0.0
297.2,0.0
297.3,0.0
297.4,0.0
297.5,0.0
297.6,0.0
297.7,0.0
297.8,0.0
297.9,0.0
298.0,0.0
298.1,0.0
298.2,0.0
298.3,0.0
298.4,0.0
298.5,0.0
298.6,0.0
298.7,0.0
298.8,0.0
298.9,0.0
299.0,0.0
299.1,0.0
299.2,0.0
299.3,0.0
299.4,0.0
299.5,0.0
299.6,257303726832873.03
299.7,286573390960551.56
299.8,294332705407390.3
299.9,271913435047319.97
